"","File_Name","Allreads","Uncut","Cut","Diversity.x","Indel","Cmut","CmutPam","C.T","length","active.UncutPAM.qualiy","uncut.quality","inactive.PAM.quality","cut.length","all.length","Mutationperbase","Lane","gRNA","System","Coverage","p.uncut","div","Mean_length","Diversity.y","Indels","Day.c","p.cut","p.uncut.quality","Experiment","replicate"
"1","A01_8227",27208,3508,244,19.5031982942431,0.00613006396588486,0.0437100213219616,0.00106609808102345,0.00453091684434968,24.9912046908316,240,3456,56,24.8783783783784,24.9912046908316,"0.06_0.04_0.06_0.07_0.04_0.05_0.03_0.04_0.03_0.03_0.01_0.06_0.07_0.04_0.07_0.04_0.07_0.03_0.1_0.04",8227,"g1","Cas9",3752,0.934968017057569,19.50319829,24.99120469,0.0105079793211958,0,"0",0.0523156089193825,0.921108742004264,"Cas9","Replicate1"
"2","A01_8468",2351852,12122,10739,6.29508770394996,1.38095446393421,0.281746205327851,0.0330694195354534,0.0975460391059009,24.1009142207253,8403,12088,2370,23.0920820569943,24.1009142207253,"0.05_0.1_0.13_0.11_0.14_0.1_0.09_0.14_0.08_0.1_0.2_0.15_0.2_0.16_0.15_0.22_0.26_0.13_0.34_0.13",8468,"g1","BE3",22861,0.530248020646516,6.295087704,24.10091422,0.0795908527345364,0.463273913735477,"4",0.411203859702864,0.528760771619789,"BE3","Replicate2"
"3","A02_8227",27080,1650,83,24.3571840738604,0.0300057703404501,0.050201961915753,0.00980957876514714,0.00865551067512983,29.9653779572995,78,1619,36,29.4736842105263,29.9653779572995,"0.15_0.02_0.12_0.12_0.06_0.08_0.06_0.04_0.06_0.04_0.02_0.09_0.02_0.06_0.02_0.06_0.02_0.02_0.07_0.04",8227,"g7","Cas9",1733,0.952106174264282,24.35718407,29.96537796,0.00505050505050505,0.0303030303030303,"0",0.0389305816135084,0.934218118869013,"Cas9","Replicate1"
"4","A02_8467",1672280,93,1864,-8.53244762391415,1.95145631067961,2.15891670924885,1.4368932038835,0.233520694941237,26.0996423096576,1419,92,446,25.9072386058981,26.0996423096576,"0.28_0.13_0.14_0.17_0.13_0.19_0.11_0.11_0.17_0.14_0.1_0.1_0.07_0.21_0.11_0.21_0.16_0.23_0.15_0.22",8467,"g7","BE3",1957,0.0475217169136433,-8.532447624,26.09964231,0.152820186876695,1.03128153380424,"32",0.789161727349704,0.0470107307102708,"BE3","Replicate2"
"5","A02_8468",94988,1594,7295,0.83417707278659,2.21689728878389,0.122735965800427,0.0227247159410507,0.0451119361007987,23.3698953763078,6535,1586,768,23.0156100232781,23.3698953763078,"0.01_0.01_0.04_0.02_0.04_0.02_0.02_0.05_0.05_0.04_0.1_0.07_0.15_0.15_0.19_0.21_0.32_0.18_0.42_0.14",8468,"g1","Cas9",8889,0.179322758465519,0.834177073,23.36989538,0.12374536209613,0.936594583245853,"4",0.739033532570155,0.178422769715379,"Cas9","Replicate2"
"6","A03_8467",85560,117,52,13.5325443786982,0.804733727810651,0.57396449704142,0.437869822485207,0.0769230769230769,28.585798816568,43,114,12,25.6545454545455,28.585798816568,"0.3_0.12_0.04_0.04_0.12_0.12_0.04_0.08_0.04_0.08_0.05_0.05_0_0.1_0.09_0.09_0.05_0.05_0.14_0.05",8467,"g7","Cas9",169,0.692307692307692,13.53254438,28.58579882,0.0546044864226682,0.465909090909091,"4",0.263959390862944,0.674556213017751,"Cas9","Replicate2"
"7","A03_8468",87172,688,1433,1.54644035832155,1.6034889203206,0.540782649693541,0.033003300330033,0.113154172560113,23.983026874116,1234,686,201,23.4968641114983,23.983026874116,"0.07_0.22_0.14_0.16_0.17_0.13_0.15_0.14_0.1_0.13_0.24_0.21_0.29_0.28_0.11_0.28_0.4_0.09_0.36_0.13",8468,"g1","BE3",2121,0.324375294672324,1.546440358,23.98302687,0.100898279106765,0.400267737617135,"10",0.615021459227468,0.323432343234323,"BE3","Replicate2"
"8","A04_8227",702468,2829,2377,8.05167114867461,0.999039569727238,0.409719554360353,0.019208605455244,0.127929312331925,24.6083365347676,1898,2793,515,24.1446332366349,24.6083365347676,"0.04_0.13_0.15_0.14_0.16_0.12_0.08_0.16_0.07_0.08_0.15_0.13_0.18_0.16_0.13_0.18_0.22_0.11_0.25_0.12",8227,"g1","BE3",5206,0.543411448328851,8.051671149,24.60833653,0.0705602838033555,0.200566304860783,"4",0.370595572185843,0.536496350364963,"BE3","Replicate1"
"9","A04_8468",1482164,4121,19239,-4.43480308219178,2.84541952054795,0.236001712328767,0.0357020547945206,0.0857876712328767,22.4298801369863,16119,4079,3162,21.8861573569836,22.4298801369863,"0.04_0.08_0.08_0.07_0.09_0.07_0.07_0.09_0.07_0.08_0.14_0.11_0.17_0.12_0.15_0.25_0.29_0.18_0.4_0.12",8468,"g1","Cas9",23360,0.176412671232877,-4.434803082,22.42988014,0.160427746730949,1.43061078415779,"10",0.731743496120493,0.174614726027397,"Cas9","Replicate2"
"10","A05_8227",59436,1048,87,21.1806167400881,0.215859030837004,0.219383259911894,0.0713656387665198,0.0361233480176211,29.7171806167401,53,1036,46,26.7575757575758,29.7171806167401,"0.37_0.15_0.2_0.23_0.2_0.2_0.17_0.16_0.23_0.14_0.05_0.03_0_0.23_0.02_0.2_0.14_0.12_0.13_0.17",8227,"g7","BE3",1135,0.923348017621145,21.18061674,29.71718062,0.0232780612244898,0.165178571428571,"2",0.0627253064167267,0.912775330396476,"BE3","Replicate1"
"11","A05_8467",89128,55,417,6.32415254237288,1.05932203389831,1.33898305084746,1.24152542372881,0.0360169491525424,26.9237288135593,371,52,49,26.5428571428571,26.9237288135593,"0.08_0.02_0.08_0.08_0.05_0.05_0.02_0.04_0.07_0.04_0_0.06_0.02_0.09_0.02_0.07_0.02_0.15_0.12_0.07",8467,"g7","Cas9",472,0.116525423728814,6.324152542,26.92372881,0.0853551721117632,0.61587982832618,"25",0.758181818181818,0.110169491525424,"Cas9","Replicate2"
"12","A06_8467",1755204,19,604,-36.9711075441413,3.41412520064205,3.9438202247191,1.6099518459069,0.5553772070626,25.3178170144462,272,19,332,25.1705298013245,25.3178170144462,"0.51_0.3_0.26_0.33_0.28_0.4_0.26_0.27_0.34_0.25_0.21_0.2_0.09_0.42_0.17_0.3_0.31_0.32_0.29_0.38",8467,"g7","BE3",623,0.0304975922953451,-36.97110754,25.31781701,0.263507326007326,1.06521739130435,"25",0.733900364520049,0.0304975922953451,"BE3","Replicate2"
"13","A06_8468",886820,2416,22756,-10.5500158906722,3.63054187192118,0.287819799777531,0.0461624026696329,0.110877165104084,21.2941363419673,18469,2410,4293,20.9017221685265,21.2941363419673,"0.05_0.07_0.08_0.08_0.09_0.06_0.07_0.08_0.08_0.07_0.13_0.12_0.17_0.16_0.16_0.24_0.3_0.2_0.45_0.1",8468,"g1","Cas9",25172,0.0959796599396154,-10.55001589,21.29413634,0.206104884593355,2.10162069094584,"18",0.807007589190723,0.0957412998569839,"Cas9","Replicate2"
"14","A07_8467",29236,93,419,-13.029296875,4.212890625,0.21875,0.025390625,0.080078125,20.34765625,315,93,104,19.3150357995227,20.34765625,"0_0.01_0.04_0.02_0.02_0.02_0.01_0.06_0.05_0.04_0.07_0.09_0.16_0.12_0.1_0.17_0.24_0.15_0.55_0.05",8467,"g1","Cas9",512,0.181640625,-13.02929688,20.34765625,0.236144703199502,2.68937875751503,"32",0.686885245901639,0.181640625,"Cas9","Replicate2"
"15","A07_8468",875000,163,991,-15.7816291161179,2.21923743500867,2.62391681109185,1.40901213171577,0.311958405545927,26.2045060658579,634,163,357,25.5802219979818,26.2045060658579,"0.32_0.16_0.13_0.21_0.2_0.21_0.18_0.21_0.23_0.22_0.15_0.12_0.1_0.19_0.17_0.19_0.23_0.15_0.17_0.27",8468,"g7","Cas9",1154,0.141247833622184,-15.78162912,26.20450607,0.174906162457967,0.859952793076318,"4",0.740657698056801,0.141247833622184,"Cas9","Replicate2"
"16","A10_8238",314784,6004,31380,3.41812005135887,1.7043387545474,0.0295046008987802,0,0.0171196233682859,23.8098384335545,28739,5747,2898,23.5936403578089,23.8098384335545,"0.03_0.05_0.07_0.03_0.06_0.06_0.06_0.05_0.04_0.05_0.14_0.13_0.11_0.14_0.19_0.07_0.21_0.18_0.36_0.06",8238,"g2","Cas9",37384,0.160603466723732,3.418120051,23.80983843,0.114385552581807,0.879838495200793,"18",0.733657532965491,0.153728867964905,"Cas9","Replicate1"
"17","A12_8238",693112,462,7991,0.508103631846682,1.5309357624512,1.58322489057139,1.30841121495327,0.088844197326393,26.3396427303916,6802,461,1190,26.1285035035035,26.3396427303916,"0.28_0.16_0.1_0.16_0.2_0.18_0.14_0.19_0.16_0.2_0.07_0.13_0.09_0.23_0.11_0.13_0.12_0.1_0.05_0.21",8238,"g7","BE3",8453,0.0546551520170354,0.508103632,26.33964273,0.137721207097049,1.03555268261151,"18",0.840980846137655,0.0545368508221933,"BE3","Replicate1"
"18","A5_8238",136436,27131,625,19.5483499063266,0.0249675745784695,0.0266609021472835,0.0109165585819282,0.008070327136475,24.9733390978527,575,27045,136,23.9620253164557,24.9733390978527,"0.08_0.15_0.16_0.14_0.05_0.07_0.08_0.06_0.09_0.04_0.08_0.08_0.05_0.09_0.09_0.13_0.08_0.11_0.06_0.23",8238,"g5","Cas9",27756,0.977482346159389,19.54834991,24.9733391,0.00327605882243108,0.0221866422689844,"0",0.0199444745827616,0.974383916990921,"Cas9","Replicate1"
"19","A7_8238",1275128,57477,79685,2.73439436578644,1.95379186655196,0.204232950817282,0.188375789212756,0.0127732170717837,22.9171782272058,74241,57372,5549,21.4195638551197,22.9171782272058,"0.04_0.09_0.06_0.05_0.07_0.07_0.05_0.05_0.1_0.05_0.07_0.1_0.19_0.25_0.19_0.29_0.26_0.28_0.31_0.07",8238,"g3","BE3",137162,0.419044633353261,2.734394366,22.91717823,0.115161494005683,1.22803063594701,"4",0.478289836978704,0.418279115206836,"BE3","Replicate1"
"20","A8_8238",875880,15078,36240,7.24320901048365,1.30936513504034,0.0454031723761643,0,0.0244748431349624,24.3096379438014,33351,14797,3170,24.0299279866378,24.3096379438014,"0.04_0.07_0.08_0.03_0.08_0.08_0.07_0.06_0.05_0.06_0.08_0.14_0.12_0.14_0.16_0.1_0.24_0.16_0.35_0.07",8238,"g2","Cas9",51318,0.293815035660002,7.24320901,24.30963794,0.0874510371266819,0.551648274898729,"8",0.611294784427502,0.288339374098757,"Cas9","Replicate1"
"21","A9_8238",997608,23629,55607,-3.7452799232672,2.7262860316018,0.234666060881418,0.209551214094603,0.0262759351809783,21.9754152153062,50334,23608,5294,20.6918098799166,21.9754152153062,"0.06_0.14_0.09_0.08_0.08_0.09_0.09_0.08_0.16_0.06_0.07_0.09_0.19_0.27_0.19_0.26_0.24_0.3_0.35_0.07",8238,"g3","BE3",79236,0.298210409409864,-3.745279923,21.97541522,0.16844235748766,1.9170882487019,"8",0.595899952848386,0.29794537836337,"BE3","Replicate1"
"22","B01_8227",28496,2427,133,19.372265625,0.030078125,0.020703125,0,0.0046875,24.97734375,119,2383,58,24.6723163841808,24.97734375,"0.07_0.06_0.06_0.04_0_0.06_0.08_0.04_0.06_0.11_0.11_0.1_0.06_0.05_0.11_0.04_0.07_0.02_0.09_0.13",8227,"g2","Cas9",2560,0.948046875,19.37226563,24.97734375,0.0091025641025641,0.000961538461538462,"0",0.0419029615626969,0.930859375,"Cas9","Replicate1"
"23","B01_8468",60208,1035,1389,10.0816831683168,0.972359735973597,0.0404290429042904,0,0.0127887788778878,24.59199669967,1293,1019,112,24.2960854092527,24.59199669967,"0.02_0.05_0.04_0.04_0.02_0.05_0.03_0.03_0.04_0.03_0.04_0.1_0.06_0.11_0.21_0.04_0.22_0.11_0.45_0.06",8468,"g2","BE3",2424,0.426980198019802,10.08168317,24.5919967,0.0707685372999775,0.409195402298851,"4",0.521200750469043,0.420379537953795,"BE3","Replicate2"
"24","B02_8227",42696,5746,431,19.4468188440991,0.0110085802169338,0.0482434838918569,0.000647563542172576,0.00534239922292375,24.9899627650963,421,5677,79,24.876,24.9899627650963,"0.03_0.05_0.1_0.05_0.05_0.07_0.03_0.08_0.04_0.03_0.04_0.06_0.11_0.08_0.08_0.05_0.09_0.03_0.08_0.07",8227,"g1","BE3",6177,0.930225028330905,19.44681884,24.98996277,0.00870625358577166,0.00401606425702811,"0",0.0551574097773228,0.919054557228428,"BE3","Replicate1"
"25","B02_8468",301584,10468,19516,9.48569236926361,1.04535752401281,0.0298492529348986,0,0.0174092849519744,24.5723719316969,18499,10333,1152,24.3473614574322,24.5723719316969,"0.03_0.03_0.04_0.02_0.03_0.05_0.05_0.05_0.03_0.05_0.07_0.1_0.07_0.12_0.19_0.14_0.27_0.16_0.43_0.11",8468,"g2","Cas9",29984,0.349119530416222,9.485692369,24.57237193,0.0754387447974719,0.429800049677099,"4",0.597130006425359,0.344617129135539,"Cas9","Replicate2"
"26","B03_8227",15024,798,41,24.1883194278903,0.0488676996424315,0.0512514898688915,0.0131108462455304,0.0107270560190703,29.9439809296782,37,782,20,29.1754385964912,29.9439809296782,"0.17_0_0.1_0.07_0_0.06_0.06_0.07_0.03_0.03_0.03_0.07_0.03_0.03_0.03_0.07_0_0.03_0.03_0",8227,"g7","BE3",839,0.951132300357569,24.18831943,29.94398093,0.017208023622849,0.0434782608695652,"0",0.0409181636726547,0.932061978545888,"BE3","Replicate1"
"27","B03_8468",718612,10603,14565,11.4216862682772,0.826605212968849,0.0278130959949142,0,0.0141052129688493,24.8623251748252,13957,10561,650,24.7627849661121,24.8623251748252,"0.06_0.08_0.08_0.03_0.06_0.09_0.07_0.05_0.05_0.06_0.09_0.11_0.1_0.11_0.17_0.1_0.19_0.17_0.3_0.09",8468,"g2","BE3",25168,0.421288938334393,11.42168627,24.86232517,0.0620990820015206,0.294880721169702,"10",0.525926193399292,0.419620152574698,"BE3","Replicate2"
"28","B04_8227",61336,915,700,8.29164086687307,0.957894736842105,0.162229102167183,0,0.0315789473684211,24.8117647058824,527,899,189,24.5684357541899,24.8117647058824,"0.05_0.12_0.07_0.07_0.04_0.12_0.08_0.13_0.05_0.15_0.14_0.13_0.13_0.14_0.16_0.07_0.09_0.04_0.21_0.14",8227,"g2","BE3",1615,0.56656346749226,8.291640867,24.81176471,0.0852703420883332,0.155492154065621,"2",0.353713996968166,0.556656346749226,"BE3","Replicate1"
"29","B04_8468",169908,5343,16391,7.52797460200607,1.2914787889942,0.0189104628692371,0,0.0113186712064047,24.4193429649397,15284,5255,1195,24.2341768311184,24.4193429649397,"0.03_0.04_0.03_0.02_0.03_0.04_0.03_0.02_0.03_0.03_0.06_0.07_0.05_0.09_0.12_0.08_0.21_0.19_0.39_0.08",8468,"g2","Cas9",21734,0.245836017300083,7.527974602,24.41934296,0.0908405220178934,0.611621575633827,"10",0.685271123374723,0.241787061746572,"Cas9","Replicate2"
"30","B05_8468",1308548,3617,8225,6.41665259246749,1.08731633170073,0.143303496031076,0,0.0306536058098294,24.74691775038,6959,3608,1275,24.6360213747875,24.74691775038,"0.07_0.19_0.19_0.09_0.17_0.18_0.15_0.15_0.09_0.1_0.12_0.16_0.15_0.12_0.18_0.16_0.17_0.24_0.22_0.13",8468,"g2","BE3",11842,0.305438270562405,6.416652592,24.74691775,0.0916513549194942,0.418153607447634,"18",0.624905029630755,0.304678263806789,"BE3","Replicate2"
"31","B06_8227",20056,1362,94,23.1751373626374,0.0940934065934066,0.127747252747253,0.0528846153846154,0.0199175824175824,29.8447802197802,71,1337,48,28.1008403361345,29.8447802197802,"0.17_0.07_0.13_0.15_0.09_0.09_0.09_0.07_0.09_0.09_0.07_0.04_0.04_0.07_0.02_0.09_0.04_0.07_0.09_0.07",8227,"g7","Cas9",1456,0.93543956043956,23.17513736,29.84478022,0.0146271436331186,0.14828897338403,"4",0.0544927536231884,0.918269230769231,"Cas9","Replicate1"
"32","B06_8468",332892,6811,29387,3.89698325874358,1.57878888336372,0.0268799381181281,0,0.0113542184651086,23.7664235593127,26034,6756,3408,23.4833231438082,23.7664235593127,"0.05_0.04_0.04_0.02_0.04_0.05_0.05_0.03_0.04_0.05_0.06_0.11_0.06_0.1_0.16_0.09_0.21_0.23_0.37_0.1",8468,"g2","Cas9",36198,0.188159566826897,3.896983259,23.76642356,0.110575205940928,0.889754923756964,"18",0.75177794832438,0.186640145864412,"Cas9","Replicate2"
"33","B07_8468",131472,182,228,7.21951219512195,1.33170731707317,0.917073170731707,0.717073170731707,0.0560975609756098,27.7878048780488,206,181,23,26.0393013100437,27.7878048780488,"0.2_0.05_0.12_0.03_0.05_0.08_0.05_0.1_0.06_0.12_0.02_0.11_0.09_0.1_0.07_0.12_0.09_0.16_0.17_0.12",8468,"g7","Cas9",410,0.44390243902439,7.219512195,27.78780488,0.0919369427574622,0.743119266055046,"4",0.517006802721088,0.441463414634146,"Cas9","Replicate2"
"34","B10_8238",96944,1755,12255,-10.830335474661,3.66509635974304,0.289578872234118,0.267665952890792,0.031192005710207,20.8178443968594,11205,1753,1052,20.2197111854451,20.8178443968594,"0.04_0.11_0.05_0.04_0.05_0.05_0.04_0.03_0.09_0.04_0.03_0.11_0.21_0.23_0.2_0.25_0.27_0.31_0.29_0.07",8238,"g3","Cas9",14010,0.125267665952891,-10.83033547,20.8178444,0.224382249840749,2.64262252849874,"18",0.766368582327559,0.125124910778016,"Cas9","Replicate1"
"35","B11_8238",492584,6472,11965,-3.0908499213538,2.78190594999186,0.127678038726474,0,0.0303737050496285,22.6452242772685,8504,6467,3466,21.3730158730159,22.6452242772685,"0.11_0.21_0.2_0.08_0.18_0.2_0.15_0.14_0.11_0.11_0.14_0.2_0.26_0.14_0.21_0.19_0.22_0.08_0.22_0.1",8238,"g2","BE3",18437,0.351033248359278,-3.090849921,22.64522428,0.0957124196906154,0.221277048221596,"18",0.562502938272766,0.350762054564192,"BE3","Replicate1"
"36","B12_8238",1942340,44661,132446,0.723556945801126,2.20210381294923,0.194131231402486,0.0395241294810482,0.0638540543287391,23.2421361098093,115051,44309,17747,22.6555595716803,23.2421361098093,"0.04_0.06_0.11_0.11_0.12_0.07_0.06_0.12_0.09_0.1_0.11_0.13_0.19_0.17_0.15_0.25_0.29_0.18_0.4_0.12",8238,"g1","Cas9",177107,0.252169592393299,0.723556946,23.24213611,0.118815943830118,0.902974401492383,"4",0.652687705742051,0.250182093310823,"Cas9","Replicate1"
"37","B7_8238",566816,19656,36950,3.99674946118786,1.61254990637035,0.338356357983253,0.239568243649083,0.0457725329470374,23.4607638766209,34023,19459,3124,22.6544539262928,23.4607638766209,"0.04_0.05_0.1_0.09_0.1_0.06_0.04_0.08_0.04_0.06_0.07_0.1_0.14_0.15_0.13_0.17_0.16_0.46_0.41_0.1",8238,"g4","BE3",56606,0.347242341801222,3.996749461,23.46076388,0.0979737205885107,0.700577606873361,"2",0.569407631140973,0.343762145355616,"BE3","Replicate1"
"38","B8_8238",207680,10751,22327,-1.51127637704819,2.48730273898059,0.225315919946792,0.210955922365318,0.0183505653304311,22.260686861358,20629,10729,1720,20.9455904067296,22.260686861358,"0.01_0.06_0.03_0.02_0.03_0.05_0.03_0.02_0.06_0.03_0.05_0.12_0.2_0.21_0.19_0.33_0.23_0.28_0.26_0.05",8238,"g3","Cas9",33078,0.325019650523006,-1.511276377,22.26068686,0.146427555373134,1.64680805712459,"8",0.571637052588458,0.32435455589818,"Cas9","Replicate1"
"39","B9_8238",131188,2839,13532,-4.60985889682976,2.60454462158695,0.50003054181174,0.403029747724635,0.0465457210921752,21.9968847352025,12223,2830,1318,21.3692489476405,21.9968847352025,"0.04_0.04_0.09_0.08_0.08_0.05_0.05_0.08_0.06_0.05_0.07_0.11_0.16_0.12_0.1_0.16_0.15_0.52_0.44_0.09",8238,"g4","BE3",16371,0.173416407061267,-4.609858897,21.99688474,0.142426213848889,1.01181148403695,"8",0.736555628129763,0.172866654449942,"BE3","Replicate1"
"40","C01_8227",27760,3015,213,19.1998141263941,0.0133209417596035,0.030359355638166,0.0204460966542751,0.00991325898389095,24.9919454770756,205,2959,64,24.8996282527881,24.9919454770756,"0.05_0.07_0.12_0.08_0.14_0.08_0.16_0.18_0.14_0.07_0.12_0.05_0.04_0.16_0.04_0.06_0.1_0.03_0.13_0.13",8227,"g3","Cas9",3228,0.934014869888476,19.19981413,24.99194548,0.0137411089792042,0.00151171579743008,"0",0.0513129366417731,0.916666666666667,"Cas9","Replicate1"
"41","C01_8468",252548,7375,7908,4.18641627952627,1.71975397500491,0.202512595694563,0.183340967087614,0.0227049663024275,23.2027088922332,7247,7358,678,21.533880126183,23.2027088922332,"0.06_0.08_0.03_0.09_0.1_0.04_0.08_0.07_0.07_0.07_0.06_0.12_0.17_0.22_0.23_0.34_0.33_0.31_0.32_0.07",8468,"g3","BE3",15283,0.482562324151017,4.18641628,23.20270889,0.106705825945638,1.12133038210624,"4",0.448961053707278,0.481449977098737,"BE3","Replicate2"
"42","C02_8227",65464,10793,511,19.5529016277424,0.0171620665251239,0.0194621372965322,0,0.00283085633404105,24.986288039632,494,10602,208,24.7777777777778,24.986288039632,"0.06_0.06_0.07_0.04_0.05_0.06_0.07_0.07_0.06_0.08_0.1_0.07_0.08_0.05_0.15_0.07_0.1_0.06_0.06_0.1",8227,"g2","BE3",11304,0.954794762915782,19.55290163,24.98628804,0.00389640253457791,0.00597874224977857,"0",0.0376538206469678,0.937898089171974,"BE3","Replicate1"
"43","C02_8468",187856,9752,11317,4.22369357824292,1.77711329441359,0.18695714082301,0.171816412739095,0.0157102852532156,23.1269163225592,10541,9729,799,21.5196649029982,23.1269163225592,"0.02_0.05_0.03_0.03_0.03_0.04_0.04_0.03_0.05_0.04_0.04_0.11_0.19_0.2_0.2_0.36_0.32_0.25_0.3_0.06",8468,"g3","Cas9",21069,0.462860126251839,4.223693578,23.12691632,0.108647710293633,1.17266156096721,"4",0.477087812486826,0.461768475010679,"Cas9","Replicate2"
"44","C03_8227",30524,756,1918,5.12715033657442,1.68062827225131,0.117053103964099,0.0157068062827225,0.0321615557217651,23.9730740463725,1735,743,196,23.5779388917659,23.9730740463725,"0.01_0.02_0.05_0.03_0.06_0.02_0.01_0.07_0.05_0.03_0.05_0.06_0.13_0.09_0.13_0.17_0.21_0.14_0.33_0.08",8227,"g1","Cas9",2674,0.282722513089005,5.127150337,23.97307405,0.0911295520464067,0.501869158878505,"2",0.577363034316677,0.277860882572924,"Cas9","Replicate1"
"45","C03_8468",126988,4209,7425,-0.0476190476190476,2.30746089049338,0.227866597902699,0.21841155234657,0.0154718927282104,22.5351555784769,6927,4206,501,21.1394722670975,22.5351555784769,"0.05_0.08_0.03_0.04_0.06_0.05_0.05_0.04_0.06_0.06_0.05_0.07_0.14_0.19_0.18_0.32_0.22_0.28_0.28_0.07",8468,"g3","BE3",11634,0.36178442496132,-0.047619048,22.53515558,0.141762269936652,1.56448612618199,"10",0.560800604229607,0.361526560082517,"BE3","Replicate2"
"46","C04_8227",23032,1751,939,11.1576208178439,0.877323420074349,0.155390334572491,0.133085501858736,0.0234200743494424,24.1457249070632,868,1718,104,22.6337448559671,24.1457249070632,"0.01_0.07_0.06_0.01_0.06_0.09_0.11_0.07_0.08_0.03_0.04_0.06_0.1_0.09_0.09_0.23_0.18_0.22_0.3_0.05",8227,"g3","BE3",2690,0.65092936802974,11.15762082,24.14572491,0.0564264273369516,0.468694096601073,"2",0.265855039637599,0.638661710037175,"BE3","Replicate1"
"47","C04_8468",128452,5970,9950,-0.0942211055276382,2.31111809045226,0.201005025125628,0.184673366834171,0.0199120603015075,22.4833542713568,9122,5963,835,20.9761976498945,22.4833542713568,"0.04_0.07_0.02_0.02_0.04_0.06_0.05_0.02_0.05_0.04_0.03_0.1_0.14_0.17_0.16_0.32_0.22_0.29_0.3_0.06",8468,"g3","Cas9",15920,0.375,-0.094221106,22.48335427,0.141247530541384,1.59248538180976,"10",0.566564172645485,0.374560301507538,"Cas9","Replicate2"
"48","C05_8227",21572,1002,1615,8.24226213221246,1.21131066106229,0.0481467329002675,0,0.0202521971723347,24.227359572029,1469,977,171,23.7670731707317,24.227359572029,"0.02_0.04_0.05_0.01_0.03_0.05_0.06_0.05_0.02_0.06_0.06_0.09_0.06_0.07_0.19_0.11_0.2_0.14_0.35_0.1",8227,"g2","Cas9",2617,0.38288116163546,8.242262132,24.22735957,0.0910466533034626,0.465953307392996,"4",0.522822920038848,0.373328238440963,"Cas9","Replicate1"
"49","C06_8227",20496,619,462,7.41073080481036,1.37927844588344,0.228492136910268,0.00555041628122109,0.0490286771507863,23.895467160037,393,616,72,22.4215053763441,23.895467160037,"0.01_0.04_0.07_0.05_0.08_0.11_0.06_0.07_0.03_0.04_0.07_0.12_0.13_0.14_0.03_0.06_0.12_0.12_0.24_0.07",8227,"g1","BE3",1081,0.572617946345976,7.410730805,23.89546716,0.0881652265202293,0.662763466042155,"4",0.356481481481481,0.569842738205365,"BE3","Replicate1"
"50","C06_8468",120060,5122,12176,-4.59515550930743,2.92022199098162,0.237657532662736,0.223840906463175,0.0226037692218754,21.7507804370447,11225,5111,962,20.3879543776155,21.7507804370447,"0.03_0.05_0.03_0.03_0.03_0.04_0.04_0.02_0.06_0.03_0.04_0.1_0.18_0.21_0.16_0.34_0.23_0.3_0.27_0.07",8468,"g3","Cas9",17298,0.296103595791421,-4.595155509,21.75078044,0.17224575235341,2.02607193340663,"18",0.617694805194805,0.295467684125332,"Cas9","Replicate2"
"51","C07_8227",20828,1098,134,21.7199675324675,0.181818181818182,0.219155844155844,0.0965909090909091,0.0243506493506494,29.7053571428571,111,1087,34,27.4965517241379,29.7053571428571,"0.19_0.08_0.19_0.15_0.09_0.15_0.08_0.06_0.16_0.08_0.04_0.12_0.08_0.1_0.02_0.04_0.04_0.13_0.05_0.09",8227,"g7","BE3",1232,0.891233766233766,21.71996753,29.70535714,0.0209529699325618,0.145021645021645,"4",0.0931849791376912,0.882305194805195,"BE3","Replicate1"
"52","C07_8467",94304,3378,6756,5.26682455101638,1.72182751134794,0.0812117623840537,0.0170712453128084,0.0270376948884942,23.8144858890862,6171,3367,596,23.2246194768731,23.8144858890862,"0_0.01_0.04_0.04_0.04_0.02_0.02_0.04_0.06_0.05_0.08_0.08_0.13_0.14_0.18_0.26_0.34_0.18_0.37_0.13",8467,"g1","Cas9",10134,0.333333333333333,5.266824551,23.81448589,0.0916128601018446,0.62683092443496,"2",0.548065222681918,0.332247878429051,"Cas9","Replicate2"
"53","C07_8468",192212,187,920,3.67570009033424,1.2710027100271,1.4706413730804,1.21409214092141,0.0776874435411021,26.9575429087624,812,186,109,26.343105320304,26.9575429087624,"0.23_0.1_0.11_0.08_0.07_0.09_0.06_0.06_0.07_0.1_0.09_0.12_0.07_0.13_0.12_0.09_0.1_0.15_0.16_0.14",8468,"g7","Cas9",1107,0.168925022583559,3.67570009,26.95754291,0.0984959588931114,0.802521008403361,"10",0.758450123660346,0.168021680216802,"Cas9","Replicate2"
"54","C10_8238",88492,1780,8741,-8.5890124512879,3.04334188765326,0.588537211291702,0.468871780249026,0.0816462313468301,21.4116528847068,7598,1771,1152,20.6853714285714,21.4116528847068,"0.04_0.04_0.08_0.07_0.08_0.05_0.06_0.08_0.04_0.05_0.09_0.13_0.15_0.14_0.14_0.21_0.15_0.6_0.47_0.07",8238,"g4","Cas9",10521,0.169185438646517,-8.589012451,21.41165288,0.180759083228023,1.63939825529642,"10",0.741453897701247,0.16833000665336,"Cas9","Replicate1"
"55","C11_8238",259624,7820,26750,-7.84038183396008,3.29921897599074,0.249493780734741,0.223864622505062,0.0363610066531675,21.3596470928551,24112,7817,2641,20.2959668074608,21.3596470928551,"0.07_0.12_0.08_0.06_0.07_0.1_0.08_0.06_0.13_0.06_0.03_0.13_0.21_0.25_0.22_0.22_0.2_0.28_0.31_0.06",8238,"g3","BE3",34570,0.226207694532832,-7.840381834,21.35964709,0.19816678795941,2.30418082048602,"18",0.680661577608142,0.226120914087359,"BE3","Replicate1"
"56","C12_8238",243496,11978,23515,8.25221874735863,1.23004536105711,0.0315555179894627,0,0.0162285521088665,24.3700166229961,21972,11774,1747,24.057295838779,24.3700166229961,"0.04_0.04_0.06_0.02_0.04_0.05_0.05_0.04_0.04_0.04_0.07_0.13_0.09_0.11_0.14_0.08_0.18_0.14_0.33_0.05",8238,"g2","Cas9",35493,0.33747499506945,8.252218747,24.37001662,0.079279263558524,0.506799386672699,"4",0.570835558576492,0.331727382864227,"Cas9","Replicate1"
"57","C5_8238",487396,7364,24955,1.90095609393855,2.05235310498468,0.170704539125592,0.0166465546582506,0.0630898233237415,23.6223583650484,22395,7336,2588,23.2178281231237,23.6223583650484,"0.04_0.05_0.09_0.09_0.11_0.05_0.04_0.07_0.06_0.08_0.1_0.13_0.17_0.13_0.15_0.16_0.26_0.16_0.34_0.12",8238,"g1","Cas9",32319,0.227853584578731,1.900956094,23.62235837,0.104350523710029,0.629908056898527,"4",0.655520239565,0.226987221139268,"Cas9","Replicate1"
"58","C7_8238",241540,20444,9566,11.1461512829057,0.70973008997001,0.319193602132622,0.27407530823059,0.0274908363878707,23.9102965678107,8504,20379,1127,21.6045062817984,23.9102965678107,"0.06_0.12_0.09_0.08_0.05_0.05_0.04_0.06_0.09_0.06_0.06_0.1_0.13_0.17_0.14_0.26_0.17_0.37_0.1_0.49",8238,"g5","BE3",30010,0.681239586804399,11.14615128,23.91029657,0.0628412121918805,0.537835613933502,"4",0.28471932853146,0.679073642119294,"BE3","Replicate1"
"59","C8_8238",157704,1555,11117,-5.00923295454545,2.6489898989899,0.501183712121212,0.385732323232323,0.0494791666666667,22.1081912878788,9993,1538,1141,21.7087300161667,22.1081912878788,"0.02_0.03_0.03_0.05_0.06_0.03_0.04_0.06_0.05_0.07_0.08_0.12_0.14_0.11_0.12_0.21_0.17_0.5_0.43_0.08",8238,"g4","Cas9",12672,0.12271148989899,-5.009232955,22.10819129,0.152900540659187,1.20429632899286,"8",0.770355484720394,0.121369949494949,"Cas9","Replicate1"
"60","C9_8238",301552,25254,10712,11.9252071400767,0.559723071790024,0.372796530056164,0.270894733915365,0.0484624367458155,24.2574097758995,9265,25229,1472,22.512526776567,24.2574097758995,"0.11_0.14_0.14_0.16_0.09_0.08_0.07_0.1_0.16_0.08_0.1_0.14_0.16_0.2_0.12_0.31_0.25_0.29_0.1_0.39",8238,"g5","BE3",35966,0.702163154089974,11.92520714,24.25740978,0.053165623950519,0.338815284669293,"8",0.26884176182708,0.701468053161319,"BE3","Replicate1"
"61","D01_8227",30892,4743,290,19.4087025630836,0.0190741108682694,0.050268229684085,0.00635803695608981,0.00417246175243394,24.9976157361415,277,4667,89,24.9699453551913,24.9976157361415,"0.08_0.05_0.11_0.08_0.08_0.06_0.03_0.13_0.08_0.04_0.04_0.03_0.13_0.08_0.01_0.08_0.06_0.05_0.11_0.04",8227,"g4","Cas9",5033,0.942380290085436,19.40870256,24.99761574,0.00880626223091976,0.000507356671740233,"0",0.0490859851049424,0.927279952314723,"Cas9","Replicate1"
"62","D01_8467",61724,47,70,-13.4871794871795,4.47008547008547,0.581196581196581,0.0427350427350427,0.162393162393162,24.4017094017094,42,46,29,20.7746478873239,24.4017094017094,"0.02_0.13_0.04_0.05_0.07_0_0.07_0.09_0.05_0.1_0.05_0.11_0.11_0.09_0.03_0.19_0.12_0.35_0.17_0.1",8467,"g6","Cas9",117,0.401709401709402,-13.48717949,24.4017094,0.206316861946001,2.86324786324786,"32",0.510948905109489,0.393162393162393,"Cas9","Replicate2"
"63","D01_8468",233544,902,4692,-2.45012513407222,2.15427243475152,0.579013228459063,0.342688594923132,0.0652484805148373,22.9805148373257,4173,901,520,22.5927977839335,22.9805148373257,"0.04_0.06_0.07_0.08_0.07_0.06_0.05_0.13_0.07_0.08_0.14_0.12_0.17_0.17_0.15_0.3_0.25_0.54_0.48_0.12",8468,"g4","BE3",5594,0.16124419020379,-2.450125134,22.98051484,0.138882648812133,0.951036096256685,"4",0.759223300970874,0.161065427243475,"BE3","Replicate2"
"64","D02_8227",62444,7928,396,19.5861364728496,0.00444497837578087,0.0157376261412782,0.00985103315713599,0.00636713118692936,24.9990389235944,380,7777,167,24.981718464351,24.9990389235944,"0.05_0.13_0.1_0.06_0.11_0.07_0.15_0.12_0.07_0.06_0.07_0.05_0.05_0.12_0.03_0.05_0.07_0.05_0.09_0.09",8227,"g3","BE3",8324,0.952426717924075,19.58613647,24.99903892,0.0078264119418735,0,"0",0.0371935756551141,0.934286400768861,"BE3","Replicate1"
"65","D02_8467",2161748,69,413,-46.3713692946058,4.72406639004149,2.89834024896266,0.157676348547718,1.02489626556017,24.6161825726141,55,67,360,23.7518072289157,24.6161825726141,"0.11_0.47_0.17_0.21_0.38_0.04_0.22_0.22_0.31_0.27_0.22_0.15_0.32_0.18_0.13_0.38_0.2_0.4_0.19_0.12",8467,"g6","BE3",482,0.143153526970954,-46.37136929,24.61618257,0.293855340709337,1.41453831041257,"32",0.623867069486405,0.139004149377593,"BE3","Replicate2"
"66","D02_8468",232596,853,11486,-3.61179998379123,2.28308614960694,0.558067914741875,0.424183483264446,0.0531647621363157,22.5245157630278,10426,844,1069,22.3424967377121,22.5245157630278,"0.03_0.04_0.04_0.04_0.05_0.03_0.03_0.05_0.06_0.06_0.11_0.1_0.12_0.14_0.15_0.25_0.24_0.55_0.44_0.12",8468,"g4","Cas9",12339,0.0691303995461545,-3.611799984,22.52451576,0.149001022648623,1.08777381944971,"32",0.839374451914645,0.0684010049436745,"Cas9","Replicate2"
"67","D03_8238",444868,19168,12823,13.581225969804,0.614078959707418,0.0250382920196305,0,0.0084398737144822,24.7946922571973,11883,19022,1086,24.4935615698974,24.7946922571973,"0.04_0.06_0.08_0.02_0.05_0.06_0.05_0.05_0.06_0.06_0.09_0.13_0.1_0.09_0.16_0.08_0.2_0.12_0.32_0.06",8238,"g2","Cas9",31991,0.599168516145166,13.58122597,24.79469226,0.0448644782545249,0.219361796261476,"2",0.346034487411285,0.594604732581038,"Cas9","Replicate1"
"68","D03_8467",84996,85,17,14.6862745098039,1.14705882352941,0.166666666666667,0,0.0392156862745098,28.6176470588235,13,82,7,22.95,28.6176470588235,"0_0.08_0_0.15_0.08_0_0.09_0.17_0_0_0_0_0.09_0_0_0.1_0_0.11_0_0",8467,"g6","Cas9",102,0.833333333333333,14.68627451,28.61764706,0.0416752630493089,0.414414414414414,"2",0.125925925925926,0.803921568627451,"Cas9","Replicate2"
"69","D03_8468",637724,3019,8667,-2.77708368988533,2.27742597980489,0.57333561526613,0.312681841519767,0.0971247646756803,22.9293171316105,7633,3012,1041,22.2103988932442,22.9293171316105,"0.06_0.1_0.12_0.11_0.1_0.09_0.09_0.18_0.12_0.1_0.18_0.13_0.19_0.13_0.12_0.3_0.21_0.44_0.35_0.09",8468,"g4","BE3",11686,0.258343316789321,-2.77708369,22.92931713,0.141776027825797,1.00952154248988,"10",0.666897506925208,0.257744309430087,"BE3","Replicate2"
"70","D04_8227",207156,396,2117,-0.768404297652209,2.00039793076005,0.530043772383605,0.276959808993235,0.0477516912057302,23.3255073617191,1858,388,267,23.0197647058824,23.3255073617191,"0.03_0.05_0.1_0.09_0.07_0.08_0.04_0.14_0.06_0.06_0.06_0.08_0.17_0.13_0.1_0.21_0.15_0.46_0.34_0.06",8227,"g4","BE3",2513,0.15758058097891,-0.768404298,23.32550736,0.123027985458536,0.663179916317992,"4",0.704961704961705,0.154397134898528,"BE3","Replicate1"
"71","D04_8467",72480,66,29,-2.37894736842105,2.31578947368421,0.768421052631579,0.0105263157894737,0.315789473684211,26.8105263157895,14,64,17,20.2258064516129,26.8105263157895,"0.17_0.36_0.2_0.25_0.33_0.07_0.21_0.06_0.33_0.27_0.27_0.12_0.4_0.29_0.31_0.5_0.33_0.7_0.43_0.09",8467,"g6","BE3",95,0.694736842105263,-2.378947368,26.81052632,0.0993098688750863,0.723809523809524,"2",0.233870967741935,0.673684210526316,"BE3","Replicate2"
"72","D04_8468",123336,1974,10947,-3.56334649020974,2.38015633464902,0.527281170188066,0.363439362278461,0.0690349044191626,22.4478755514279,9950,1967,1004,21.9895928427972,22.4478755514279,"0.04_0.04_0.06_0.06_0.06_0.04_0.04_0.06_0.05_0.06_0.12_0.09_0.11_0.12_0.11_0.22_0.19_0.54_0.46_0.12",8468,"g4","Cas9",12921,0.152774553053169,-3.56334649,22.44787555,0.156091511880954,1.28778658363997,"10",0.751751133086115,0.152232799318938,"Cas9","Replicate2"
"73","D05_8227",15684,1049,1203,4.69582593250444,1.71536412078153,0.188277087033748,0.171847246891652,0.0208703374777975,23.1904973357016,1107,1028,117,21.6707516339869,23.1904973357016,"0.03_0.02_0.03_0_0.04_0.05_0.08_0.05_0.05_0.02_0.03_0.08_0.12_0.15_0.11_0.26_0.16_0.23_0.21_0.07",8227,"g3","Cas9",2252,0.465808170515098,4.695825933,23.19049734,0.102379007555646,1.02289156626506,"4",0.445225758697261,0.456483126110124,"Cas9","Replicate1"
"74","D05_8467",123896,103,123,-4.65044247787611,3.8141592920354,0.225663716814159,0.0221238938053097,0.0530973451327434,25.0619469026549,85,100,41,21.1428571428571,25.0619469026549,"0_0.04_0.02_0.04_0.04_0_0.04_0.05_0_0_0_0.02_0.14_0.1_0.1_0.08_0.03_0.12_0_0.04",8467,"g6","Cas9",226,0.455752212389381,-4.650442478,25.0619469,0.169695822289537,2.65350877192982,"25",0.448905109489051,0.442477876106195,"Cas9","Replicate2"
"75","D05_8468",2153468,429,1854,-35.9224704336399,4.41480508103373,2.53876478318003,0.273762593079282,0.434077967586509,24.3823915900131,140,429,1714,24.2394822006472,24.3823915900131,"0.1_0.41_0.42_0.36_0.31_0.38_0.28_0.56_0.29_0.28_0.45_0.34_0.66_0.48_0.17_0.57_0.27_0.35_0.5_0.07",8468,"g4","BE3",2283,0.187910643889619,-35.92247043,24.38239159,0.253972495192102,0.09224237746044,"18",0.666906474820144,0.187910643889619,"BE3","Replicate2"
"76","D06_8227",176272,1177,1957,7.09763880025526,1.11997447351627,0.119974473516273,0,0.0274409700063816,24.5118059987237,1696,1148,290,24.2275931520645,24.5118059987237,"0.06_0.12_0.12_0.05_0.08_0.12_0.1_0.08_0.04_0.11_0.1_0.1_0.13_0.09_0.24_0.12_0.23_0.12_0.28_0.08",8227,"g2","BE3",3134,0.375558391831525,7.0976388,24.511806,0.0899674459899379,0.410700236034618,"4",0.503991758949266,0.366305041480536,"BE3","Replicate1"
"77","D06_8467",253744,113,77,-1.17368421052632,2.60526315789474,0.594736842105263,0.0578947368421053,0.236842105263158,26.9157894736842,51,108,31,22.8536585365854,26.9157894736842,"0.11_0.25_0.18_0.03_0.27_0.11_0.06_0.08_0.19_0.09_0.07_0.03_0.21_0.07_0.07_0.17_0.14_0.28_0.08_0.11",8467,"g6","BE3",190,0.594736842105263,-1.173684211,26.91578947,0.140346153846154,1.06730769230769,"25",0.318181818181818,0.568421052631579,"BE3","Replicate2"
"78","D06_8468",63760,898,4214,-13.8393974960876,3.87989045383412,0.647104851330203,0.395148669796557,0.0629890453834116,20.3378325508607,3482,895,735,19.34835190894,20.3378325508607,"0.03_0.03_0.05_0.06_0.05_0.01_0.03_0.05_0.1_0.06_0.13_0.08_0.15_0.13_0.1_0.18_0.18_0.55_0.5_0.09",8468,"g4","Cas9",5112,0.17566510172144,-13.8393975,20.33783255,0.222398606495608,2.36058779201206,"18",0.751694612914734,0.175078247261346,"Cas9","Replicate2"
"79","D07_8467",171008,1472,3004,5.72252010723861,1.60701519213584,0.115951742627346,0.0201072386058981,0.0399910634495085,24.0241286863271,2740,1466,270,23.5485049833887,24.0241286863271,"0.02_0.04_0.06_0.05_0.04_0.03_0.03_0.07_0.05_0.06_0.1_0.09_0.14_0.13_0.13_0.22_0.26_0.12_0.36_0.08",8467,"g1","BE3",4476,0.328865058087578,5.722520107,24.02412869,0.0906707710258851,0.533837934105076,"25",0.552104392574894,0.327524575513852,"BE3","Replicate2"
"80","D07_8468",97408,88,302,4.51538461538462,1.3025641025641,1.23076923076923,0.979487179487179,0.0538461538461538,27.1897435897436,264,88,38,26.3708609271523,27.1897435897436,"0.27_0.15_0.06_0.1_0.16_0.18_0.1_0.15_0.11_0.16_0_0.08_0.03_0.19_0.09_0.11_0.22_0.11_0.19_0.18",8468,"g7","Cas9",390,0.225641025641026,4.515384615,27.18974359,0.0982296005880912,0.806603773584906,"10",0.700696055684455,0.225641025641026,"Cas9","Replicate2"
"81","D10_8238",187584,10902,7889,5.87589803629397,1.22446916076845,0.523601724229684,0.399074024799106,0.0504496833590549,23.3025384492576,6561,10889,1341,20.9634269805113,23.3025384492576,"0.13_0.15_0.12_0.15_0.08_0.08_0.07_0.11_0.16_0.07_0.1_0.11_0.14_0.22_0.16_0.24_0.21_0.4_0.11_0.54",8238,"g5","Cas9",18791,0.580171358629131,5.875898036,23.30253845,0.0986516002003561,0.933148047049481,"18",0.383836909453608,0.579479538076739,"Cas9","Replicate1"
"82","D11_8238",1323460,3874,11796,-12.8694958519464,3.37377153797064,0.850350989151244,0.233120612635609,0.0691129546904914,23.1654754307594,7202,3866,4602,22.564639105388,23.1654754307594,"0.06_0.2_0.27_0.23_0.2_0.18_0.14_0.31_0.15_0.17_0.26_0.26_0.37_0.29_0.13_0.33_0.16_0.33_0.4_0.07",8238,"g4","BE3",15670,0.247223994894703,-12.86949585,23.16547543,0.196127950201156,1.12363238512035,"18",0.64469585177898,0.246713465220166,"BE3","Replicate1"
"83","D12_8238",313568,18000,24616,1.86807771728928,2.06100994931481,0.211704524122395,0.191078468180965,0.0209545710531256,22.7655575370753,22427,17976,2213,21.1354301948052,22.7655575370753,"0.03_0.08_0.06_0.02_0.05_0.06_0.06_0.05_0.07_0.05_0.06_0.11_0.19_0.19_0.16_0.26_0.24_0.27_0.3_0.06",8238,"g3","Cas9",42616,0.422376572179463,1.868077717,22.76555754,0.122914608843314,1.35707069665794,"4",0.489782924451342,0.421813403416557,"Cas9","Replicate1"
"84","D7_8238",279656,323,163,-0.952674897119342,2.9917695473251,0.42798353909465,0.0267489711934156,0.135802469135802,26.4279835390947,73,311,102,20.08,26.4279835390947,"0.08_0.25_0.04_0.1_0.21_0.03_0.09_0.17_0.15_0.09_0.07_0.14_0.23_0.1_0.16_0.28_0.21_0.27_0.14_0.12",8238,"g6","BE3",486,0.664609053497942,-0.952674897,26.42798354,0.135700075276911,1.47897623400366,"4",0.282006920415225,0.639917695473251,"BE3","Replicate1"
"85","D8_8238",140968,14519,6893,11.8786661685036,0.630160657575191,0.326172239865496,0.286194657201569,0.0320381094713245,24.0719689893518,6265,14494,653,22.1276380456779,24.0719689893518,"0.06_0.08_0.04_0.04_0.04_0.02_0.03_0.04_0.04_0.06_0.05_0.07_0.13_0.19_0.14_0.3_0.21_0.41_0.13_0.47",8238,"g5","Cas9",21412,0.678077713431721,11.87866617,24.07196899,0.0527325772887866,0.420175626472478,"8",0.286981139930888,0.676910143844573,"Cas9","Replicate1"
"86","D9_8238",73168,107,117,-3.99107142857143,2.5,0.839285714285714,0.0267857142857143,0.267857142857143,26.8035714285714,78,107,39,23.8803418803419,26.8035714285714,"0.09_0.48_0.12_0.21_0.41_0.07_0.18_0.19_0.27_0.23_0.12_0.21_0.38_0.21_0.15_0.39_0.08_0.48_0.22_0.15",8238,"g6","BE3",224,0.477678571428571,-3.991071429,26.80357143,0.23563484708063,1.09230769230769,"8",0.425454545454545,0.477678571428571,"BE3","Replicate1"
"87","E01_8467",188436,2578,3205,1.00034584125886,1.74355870655369,0.628912329240878,0.539858205083867,0.0581013314888466,22.4155282725229,2656,2569,558,20.3497199751089,22.4155282725229,"0.05_0.12_0.05_0.05_0.03_0.02_0.03_0.06_0.05_0.02_0.03_0.03_0.07_0.12_0.15_0.29_0.25_0.52_0.15_0.52",8467,"g5","Cas9",5783,0.445789382673353,1.000345841,22.41552827,0.131769639535003,1.32168443124236,"32",0.476863561969945,0.444233097008473,"Cas9","Replicate2"
"88","E01_8468",3678884,11348,6507,5.14903388406609,0.889778773452814,0.860095211425371,0.466647997759731,0.142369084290115,23.9869504340521,4165,11329,2361,22.22770456635,23.9869504340521,"0.17_0.22_0.21_0.2_0.16_0.11_0.1_0.14_0.22_0.13_0.14_0.12_0.19_0.15_0.22_0.33_0.32_0.43_0.14_0.53",8468,"g5","BE3",17855,0.635564267712125,5.149033884,23.98695043,0.0828535935164741,0.47627783723182,"4",0.322447968285431,0.634500140016802,"BE3","Replicate2"
"89","E02_8227",52472,8942,626,19.4807692307692,0.00898829431438127,0.0510033444816054,0.00501672240802676,0.00512123745819398,24.9985367892977,613,8789,166,24.982028241335,24.9985367892977,"0.07_0.03_0.07_0.08_0.09_0.07_0.03_0.11_0.04_0.09_0.05_0.07_0.1_0.09_0.09_0.06_0.07_0.12_0.08_0.1",8227,"g4","BE3",9568,0.934573578595318,19.48076923,24.99853679,0.00846933728981207,0.000809279741030483,"0",0.0531725133780685,0.918582775919732,"BE3","Replicate1"
"90","E02_8467",2106232,5088,984,14.9044795783926,0.305171277997365,0.280467720685112,0.148880105401845,0.0494071146245059,24.7931488801054,762,5074,236,23.7414829659319,24.7931488801054,"0.21_0.26_0.25_0.28_0.21_0.16_0.13_0.17_0.29_0.14_0.16_0.16_0.16_0.17_0.21_0.19_0.25_0.26_0.13_0.47",8467,"g5","BE3",6072,0.837944664031621,14.90447958,24.79314888,0.0285840363542677,0.134377038486628,"32",0.135425268373245,0.835638998682477,"BE3","Replicate2"
"91","E02_8468",230584,14596,3852,14.5105160450997,0.424924111014744,0.226203382480486,0.186036426712923,0.0220620121422376,24.3571118820468,3388,14557,503,21.9519403752249,24.3571118820468,"0.05_0.12_0.06_0.07_0.05_0.05_0.03_0.05_0.07_0.03_0.06_0.07_0.09_0.16_0.13_0.26_0.22_0.44_0.13_0.48",8468,"g5","Cas9",18448,0.791196877710321,14.51051605,24.35711188,0.0364197823280712,0.295651298570566,"4",0.19132767098793,0.789082827406765,"Cas9","Replicate2"
"92","E03_8227",67708,1901,1111,9.29482071713147,0.819389110225764,0.182270916334661,0.105909694555113,0.0703851261620186,24.6059096945551,866,1867,279,23.9633187772926,24.6059096945551,"0.09_0.29_0.23_0.11_0.08_0.22_0.24_0.24_0.26_0.08_0.05_0.14_0.16_0.19_0.07_0.08_0.16_0.22_0.27_0.1",8227,"g3","Cas9",3012,0.631142098273572,9.294820717,24.60590969,0.062759372336412,0.236603462489695,"2",0.29438261791203,0.619853917662683,"Cas9","Replicate1"
"93","E03_8467",91072,11002,1795,16.8928655153552,0.240212549816363,0.126045166835977,0.108697350941627,0.00961162772524811,24.623349222474,1621,10983,193,22.3428886438809,24.623349222474,"0.04_0.1_0.04_0.03_0.02_0.03_0.03_0.03_0.05_0.03_0.05_0.05_0.08_0.12_0.1_0.26_0.15_0.43_0.13_0.48",8467,"g5","Cas9",12797,0.859732749863249,16.89286552,24.62334922,0.0200188004717305,0.149307740717432,"2",0.120292186034044,0.8582480268813,"Cas9","Replicate2"
"94","E03_8468",213268,8095,5342,9.94351417727171,0.733497060355734,0.432834710128749,0.388479571332887,0.0205402991739227,23.7877502418695,4908,8076,453,21.9613878007834,23.7877502418695,"0.08_0.1_0.1_0.09_0.06_0.08_0.04_0.07_0.08_0.06_0.06_0.07_0.09_0.15_0.1_0.25_0.14_0.4_0.08_0.44",8468,"g5","BE3",13437,0.602441021061249,9.943514177,23.78775024,0.0714129860155206,0.531350370060047,"10",0.367729056240105,0.601027014958696,"BE3","Replicate2"
"95","E04_8227",47284,2682,645,15.7204688908927,0.343552750225428,0.173128944995491,0.121731289449955,0.0162308385933273,24.5638713555756,550,2637,140,22.8898550724638,24.5638713555756,"0.07_0.1_0.04_0.08_0.04_0.03_0.03_0.03_0.06_0.06_0.05_0.05_0.06_0.09_0.06_0.19_0.19_0.34_0.09_0.34",8227,"g5","BE3",3327,0.806131650135257,15.72046889,24.56387136,0.0307064587198516,0.210227272727273,"2",0.173340499865628,0.792605951307484,"BE3","Replicate1"
"96","E04_8467",104152,6805,1593,15.6896880209574,0.343415098833055,0.163372231483687,0.142295784710645,0.01417004048583,24.4996427720886,1417,6788,193,22.3900621118012,24.4996427720886,"0.04_0.08_0.03_0.03_0.03_0.02_0.01_0.03_0.06_0.02_0.03_0.04_0.11_0.12_0.1_0.28_0.19_0.44_0.12_0.49",8467,"g5","BE3",8398,0.810311979042629,15.68968802,24.49964277,0.0299777126739755,0.218004465859678,"2",0.159507359567438,0.808287687544654,"BE3","Replicate2"
"97","E04_8468",113384,13044,6097,11.6075962593386,0.666840812914686,0.325740556919701,0.29251345279766,0.0367274437072253,23.9498458805705,5552,13015,574,21.7187397975841,23.9498458805705,"0.03_0.08_0.02_0.02_0.02_0.01_0.02_0.02_0.04_0.03_0.03_0.04_0.12_0.14_0.15_0.32_0.24_0.46_0.15_0.46",8468,"g5","Cas9",19141,0.681469097748289,11.60759626,23.94984588,0.0564077712101905,0.490452941460821,"10",0.289836470811941,0.679954025390523,"Cas9","Replicate2"
"98","E05_8467",257412,6975,8020,2.16338779593198,1.65868622874291,0.558586195398466,0.497099033011004,0.0485495165055018,22.5153717905969,6803,6944,1248,20.3723761023475,22.5153717905969,"0.05_0.1_0.05_0.03_0.01_0.01_0.03_0.03_0.03_0.02_0.02_0.04_0.06_0.15_0.13_0.29_0.23_0.51_0.16_0.51",8467,"g5","Cas9",14995,0.465155051683895,2.163387796,22.51537179,0.124484569447337,1.27796383121232,"25",0.453389111877438,0.463087695898633,"Cas9","Replicate2"
"99","E06_8227",12932,908,1123,3.87592319054653,1.84441161989168,0.180699162973904,0.166912850812408,0.0192023633677991,23.0748399803053,1020,892,119,21.5671641791045,23.0748399803053,"0.01_0.03_0.03_0.02_0.04_0.04_0.08_0.05_0.03_0.02_0.03_0.09_0.11_0.13_0.11_0.28_0.19_0.24_0.28_0.07",8227,"g3","BE3",2031,0.447070408665682,3.875923191,23.07483998,0.114784699954191,1.21216216216216,"4",0.455948030856679,0.439192516001969,"BE3","Replicate1"
"100","E06_8467",44280,6295,218,19.3648088438508,0.0411484722861968,0.0259481037924152,0.018885306310456,0.00506678949792722,24.9606939966221,212,6279,22,23.9017094017094,24.9606939966221,"0.1_0.07_0.04_0.06_0.03_0.03_0.04_0.06_0.04_0.03_0.01_0.04_0.06_0.1_0.1_0.15_0.06_0.15_0.15_0.25",8467,"g5","BE3",6513,0.966528481498541,19.36480884,24.960694,0.0047232866945905,0.0282283218964442,"25",0.0290125099813681,0.964071856287425,"BE3","Replicate2"
"101","E06_8468",79028,6713,6655,4.35210951526032,1.40252842609216,0.502842609216038,0.453545780969479,0.0476511071214841,22.8904847396768,5750,6703,915,20.7689422355589,22.8904847396768,"0.03_0.1_0.03_0.01_0.01_0.02_0.02_0.03_0.02_0.01_0.02_0.04_0.1_0.16_0.12_0.29_0.22_0.45_0.15_0.45",8468,"g5","Cas9",13368,0.502169359664871,4.352109515,22.89048474,0.110947081535317,1.10195273807839,"18",0.4643779219873,0.501421304608019,"Cas9","Replicate2"
"102","E07_8467",88148,611,7720,-14.7907814187973,4.32325051014284,0.247869403432961,0.0380506541831713,0.0818629216180531,20.1607250030008,5875,611,1845,19.7777202072539,20.1607250030008,"0.01_0.01_0.05_0.06_0.05_0.03_0.02_0.06_0.07_0.06_0.1_0.11_0.13_0.15_0.18_0.19_0.3_0.2_0.45_0.09",8467,"g1","Cas9",8331,0.073340535349898,-14.79078142,20.160725,0.238981382491214,2.68578993821712,"25",0.795056642636457,0.073340535349898,"Cas9","Replicate2"
"103","E07_8468",109204,126,1366,5.11394101876676,1.05630026809651,1.45040214477212,1.30898123324397,0.0449061662198391,26.902144772118,1251,125,116,26.6188734455011,26.902144772118,"0.16_0.1_0.02_0.08_0.11_0.1_0.1_0.07_0.07_0.09_0.05_0.08_0.07_0.14_0.08_0.18_0.14_0.12_0.16_0.16",8468,"g7","Cas9",1492,0.0844504021447721,5.113941019,26.90214477,0.0901569949038303,0.636708860759494,"18",0.851620947630923,0.0837801608579088,"Cas9","Replicate2"
"104","E09_8227",33052,1192,231,20.9486999297259,0.224174279690794,0.26914968376669,0.174982431482783,0.0245959241040056,29.5115952213633,193,1166,64,27.295719844358,29.5115952213633,"0.12_0.06_0.09_0.09_0.09_0.06_0.07_0.09_0.11_0.08_0.01_0.1_0.04_0.09_0.04_0.09_0.04_0.08_0.04_0.06",8227,"g7","BE3",1423,0.837666900913563,20.94869993,29.51159522,0.0296212973378328,0.242125984251968,"4",0.138738738738739,0.81939564300773,"BE3","Replicate1"
"105","E10_8238",89132,92,180,-28.7022058823529,5,1.57352941176471,0.0772058823529412,0.393382352941176,24.2169117647059,37,92,143,21.2611111111111,24.2169117647059,"0.08_0.27_0.15_0.09_0.17_0.03_0.13_0.19_0.24_0.24_0.25_0.23_0.25_0.09_0.14_0.35_0.27_0.46_0.15_0.13",8238,"g6","Cas9",272,0.338235294117647,-28.70220588,24.21691176,0.262385844748858,1.21232876712329,"18",0.55045871559633,0.338235294117647,"Cas9","Replicate1"
"106","E11_8238",391648,12733,10745,3.13544594939944,1.06499701848539,1.00102223358037,0.51405571173013,0.244569384104268,24.1120197631826,7435,12719,3324,23.0501905381541,24.1120197631826,"0.25_0.29_0.27_0.29_0.2_0.14_0.12_0.18_0.29_0.12_0.17_0.22_0.25_0.34_0.2_0.22_0.36_0.25_0.14_0.51",8238,"g5","BE3",23478,0.542337507453787,3.135445949,24.11201976,0.0978055783496654,0.536976735062184,"18",0.412159570387418,0.541741204531902,"BE3","Replicate1"
"107","E12_8238",880284,7074,49943,-3.73592086570672,2.55834224880299,0.421891716505604,0.325096023992844,0.0295525895785467,22.3533332164091,44776,6958,5283,21.9854571605505,22.3533332164091,"0.04_0.05_0.06_0.09_0.08_0.04_0.04_0.06_0.05_0.06_0.07_0.12_0.14_0.17_0.14_0.16_0.14_0.49_0.41_0.08",8238,"g4","Cas9",57017,0.124068260343406,-3.735920866,22.35333322,0.143935263732345,1.0823005932762,"4",0.780713135639587,0.122033779399127,"Cas9","Replicate1"
"108","E6_8238",292924,5076,17980,-3.33323213046496,2.8449427480916,0.22822692574601,0.053998959056211,0.123308466342817,22.507373351839,13782,5069,4205,21.8049146605882,22.507373351839,"0.04_0.09_0.1_0.08_0.1_0.06_0.04_0.09_0.04_0.04_0.09_0.18_0.18_0.23_0.26_0.2_0.2_0.19_0.27_0.09",8238,"g1","BE3",23056,0.220159611380985,-3.33323213,22.50737335,0.11920006571217,0.838841948310139,"8",0.68271567436209,0.21985600277585,"BE3","Replicate1"
"109","E8_8238",779708,376,540,-23.1353711790393,3.64628820960699,1.72489082969432,0.0993449781659389,0.51528384279476,25.7401746724891,89,369,458,22.8665447897623,25.7401746724891,"0.08_0.57_0.19_0.23_0.59_0.07_0.36_0.24_0.41_0.36_0.25_0.25_0.41_0.09_0.12_0.49_0.3_0.48_0.25_0.12",8238,"g6","Cas9",916,0.410480349344978,-23.13537118,25.74017467,0.225544341198724,0.954671600370028,"8",0.451505016722408,0.402838427947598,"Cas9","Replicate1"
"110","F01_8227",15324,500,1697,-34.0004551661356,1.59353664087392,3.02913063268093,0.00136549840691853,1.51115157032317,26.1447428311334,1657,495,45,25.0235017626322,26.1447428311334,"0.54_0.27_0.1_0.2_0.58_0.6_0_0.08_0.5_0.06_0.04_0.02_0.46_0.06_0.42_0.46_0.15_0.57_0.06_0.15",8227,"g6","Cas9",2197,0.227583067819754,-34.00045517,26.14474283,0.250282495548555,1.50382653061224,"10",0.683722804190169,0.225307237141557,"Cas9","Replicate1"
"111","F01_8467",382880,1352,2282,-11.8497523390204,3.8062740781508,0.586406164006604,0.301871216290589,0.0751238304898184,20.47275729224,1750,1350,534,17.7968476357268,20.47275729224,"0.03_0.06_0.12_0.08_0.08_0.07_0.07_0.17_0.09_0.09_0.16_0.1_0.23_0.13_0.14_0.2_0.24_0.57_0.48_0.11",8467,"g4","Cas9",3634,0.372041827187672,-11.84975234,20.47275729,0.20186663072225,2.27105188545506,"2",0.530821121190975,0.371491469455146,"Cas9","Replicate2"
"112","F01_8468",170764,36,140,-42.2386363636364,4.4375,2.68181818181818,0.284090909090909,0.943181818181818,25.2727272727273,14,35,127,24.0992907801418,25.2727272727273,"0.15_0.38_0.21_0.15_0.35_0.08_0.22_0.19_0.34_0.32_0.18_0.21_0.19_0.14_0.06_0.44_0.28_0.39_0.21_0.1",8468,"g6","BE3",176,0.204545454545455,-42.23863636,25.27272727,0.276934601354872,0.975247524752475,"4",0.625,0.198863636363636,"BE3","Replicate2"
"113","F02_8227",38176,6408,216,19.5730676328502,0.0310990338164251,0.0264190821256039,0.00905797101449275,0.00483091787439614,24.9593900966184,187,6308,129,24.1487341772152,24.9593900966184,"0.09_0.06_0.07_0.1_0.05_0.02_0.08_0.03_0.05_0.06_0.06_0.06_0.08_0.06_0.02_0.1_0.1_0.11_0.08_0.14",8227,"g5","BE3",6624,0.967391304347826,19.57306763,24.9593901,0.00527675921075607,0.0570281124497992,"0",0.0292207792207792,0.952294685990338,"BE3","Replicate1"
"114","F02_8467",3569508,1384,925,-7.72368990905154,2.2555218709398,1.22780424426159,0.119099177132958,0.255954958856648,24.8172368990905,39,1380,890,24.545748116254,24.8172368990905,"0.07_0.37_0.43_0.37_0.35_0.34_0.19_0.57_0.24_0.24_0.3_0.24_0.51_0.44_0.12_0.51_0.18_0.23_0.4_0.08",8467,"g4","BE3",2309,0.599393676916414,-7.723689909,24.8172369,0.1190107670467,0.043135628369971,"32",0.307206908003985,0.597661325249026,"BE3","Replicate2"
"115","F02_8468",148976,200,100,3.59,1.61666666666667,0.76,0.0466666666666667,0.253333333333333,28.0333333333333,61,187,52,24.7787610619469,28.0333333333333,"0.06_0.18_0.12_0.12_0.16_0.02_0.11_0.08_0.21_0.21_0.19_0.11_0.24_0.12_0.1_0.32_0.22_0.26_0.17_0.16",8468,"g6","Cas9",300,0.666666666666667,3.59,28.03333333,0.117703927492447,0.734138972809668,"4",0.294117647058824,0.623333333333333,"Cas9","Replicate2"
"116","F03_8227",116740,768,1524,1.57853403141361,1.70244328097731,0.544938917975567,0.239965095986038,0.050174520069808,23.7753054101222,1236,753,303,23.1728395061728,23.7753054101222,"0.03_0.07_0.14_0.09_0.11_0.08_0.04_0.18_0.08_0.06_0.07_0.07_0.2_0.14_0.11_0.24_0.11_0.51_0.39_0.06",8227,"g4","Cas9",2292,0.335078534031414,1.578534031,23.77530541,0.104366490039573,0.446978335233751,"2",0.554181818181818,0.328534031413613,"Cas9","Replicate1"
"117","F03_8467",273088,1728,9435,1.19887127116367,1.81671593657619,0.413598495028218,0.324375167965601,0.0300098539819045,23.2300456866434,8750,1715,698,22.9087637595258,23.2300456866434,"0.01_0.03_0.04_0.04_0.04_0.02_0.03_0.05_0.06_0.04_0.09_0.09_0.13_0.14_0.14_0.25_0.23_0.5_0.4_0.12",8467,"g4","Cas9",11163,0.154797097554421,1.198871271,23.23004569,0.116967090571211,0.752616304634597,"4",0.69672131147541,0.153632536056616,"Cas9","Replicate2"
"118","F03_8468",130932,159,127,0.937062937062937,1.8951048951049,0.751748251748252,0.0734265734265734,0.262237762237762,27.6783216783217,67,156,63,24.8923076923077,27.6783216783217,"0.02_0.27_0.16_0.04_0.12_0.02_0.07_0.09_0.07_0.06_0.15_0.07_0.22_0.08_0.05_0.23_0.1_0.32_0.23_0.19",8468,"g6","BE3",286,0.555944055944056,0.937062937,27.67832168,0.128307706061148,0.790273556231003,"10",0.372434017595308,0.545454545454545,"BE3","Replicate2"
"119","F04_8227",27752,892,72,22.402489626556,0.139004149377593,0.134854771784232,0.00311203319502075,0.0342323651452282,29.8485477178423,48,882,34,28.219512195122,29.8485477178423,"0.03_0.2_0.03_0.14_0.11_0.03_0.06_0.08_0.13_0.11_0.08_0.11_0.11_0.11_0.05_0.11_0.14_0.18_0.06_0.06",8227,"g6","BE3",964,0.925311203319502,22.40248963,29.84854772,0.0250761983929066,0.0423940149625935,"2",0.0597510373443983,0.9149377593361,"BE3","Replicate1"
"120","F04_8467",461452,1978,8665,0.735788781358639,1.88010899182561,0.43756459644837,0.320774217795734,0.0368317203795922,23.1434745842338,7967,1973,703,22.7209919261822,23.1434745842338,"0.02_0.05_0.07_0.06_0.06_0.04_0.05_0.08_0.06_0.05_0.1_0.08_0.11_0.11_0.13_0.24_0.19_0.54_0.46_0.1",8467,"g4","BE3",10643,0.185849854364371,0.735788781,23.14347458,0.115940394270307,0.733035968491981,"2",0.683845000394602,0.18538006201259,"BE3","Replicate2"
"121","F05_8227",3686712,337021,125221,13.3091843666305,0.533097381890871,0.274107502130918,0.213050739655851,0.0271719142786679,24.2423903496437,107385,332024,22833,22.3104947088728,24.2423903496437,"0.07_0.11_0.07_0.1_0.04_0.05_0.08_0.05_0.07_0.06_0.09_0.05_0.1_0.14_0.1_0.25_0.23_0.43_0.16_0.45",8227,"g5","Cas9",462242,0.729100774053418,13.30918437,24.24239035,0.043669520037365,0.372278976924004,"4",0.241730982321078,0.718290419304174,"Cas9","Replicate1"
"122","F05_8467",368728,771,5122,-18.4115051756321,4.44815883251315,0.731376209061599,0.444086203970813,0.0726285423383676,19.6477176310877,4023,769,1101,18.8444574551132,19.6477176310877,"0.02_0.06_0.05_0.09_0.05_0.03_0.05_0.08_0.08_0.07_0.12_0.12_0.19_0.15_0.12_0.2_0.21_0.57_0.53_0.12",8467,"g4","Cas9",5893,0.13083319192262,-18.41150518,19.64771763,0.245168873269573,2.61916681566244,"25",0.743288347119431,0.130493806210759,"Cas9","Replicate2"
"123","F06_8227",746044,3634,23253,-0.664782236768699,1.8971993900398,0.553538884962993,0.326663443299736,0.0509167999404917,23.4319187711533,20465,3517,2905,23.1959349593496,23.4319187711533,"0.04_0.05_0.11_0.08_0.09_0.09_0.03_0.11_0.08_0.05_0.06_0.07_0.16_0.12_0.11_0.14_0.11_0.52_0.39_0.08",8227,"g4","BE3",26887,0.135158254918734,-0.664782237,23.43191877,0.12909482555454,0.758290205098716,"4",0.726179694575435,0.130806709562242,"BE3","Replicate1"
"124","F06_8467",145164,1161,71,17.286525974026,0.234577922077922,0.0933441558441558,0.0137987012987013,0.00811688311688312,24.9472402597403,31,1158,43,24.1216216216216,24.9472402597403,"0.06_0.1_0.1_0.09_0.19_0.06_0.03_0.19_0.06_0.12_0.06_0.03_0.19_0.13_0.06_0.2_0.13_0.22_0.19_0.09",8467,"g4","BE3",1232,0.94237012987013,17.28652597,24.94724026,0.0128498326704984,0.0231444533120511,"25",0.047972972972973,0.939935064935065,"BE3","Replicate2"
"125","F06_8468",165392,275,184,4.3442265795207,2.5599128540305,0.202614379084967,0.0196078431372549,0.0544662309368192,26.6492374727669,131,266,62,22.0310880829016,26.6492374727669,"0.01_0.09_0.01_0.04_0.05_0_0.07_0.06_0.06_0.08_0.07_0.08_0.09_0.05_0.06_0.1_0.06_0.11_0.13_0.23",8468,"g6","Cas9",459,0.599128540305011,4.34422658,26.64923747,0.110187403128082,1.72727272727273,"18",0.347826086956522,0.579520697167756,"Cas9","Replicate2"
"126","F07_8227",255580,2793,8654,-7.14230802830436,2.91185463440203,0.356949419061763,0.284616056608718,0.0559972045077313,21.7800297021054,7406,2750,1291,20.761871909854,21.7800297021054,"0.08_0.11_0.08_0.04_0.06_0.11_0.14_0.12_0.16_0.04_0.05_0.1_0.18_0.24_0.14_0.24_0.2_0.33_0.33_0.1",8227,"g3","Cas9",11447,0.243994059578929,-7.142308028,21.7800297,0.184131343151007,1.94178235557546,"10",0.611244526063003,0.240237616842841,"Cas9","Replicate1"
"127","F07_8467",2498908,4651,1812,9.32461705090515,0.767909639486307,0.531332198669349,0.0146990561658672,0.0933003249265047,24.1468358347517,1406,4640,417,21.9753154141525,24.1468358347517,"0.07_0.16_0.22_0.21_0.24_0.13_0.13_0.23_0.12_0.1_0.29_0.22_0.33_0.18_0.11_0.21_0.26_0.08_0.31_0.14",8467,"g1","BE3",6463,0.719634844499458,9.324617051,24.14683583,0.0627239638791056,0.37188242280285,"2",0.224340720564566,0.717932848522358,"BE3","Replicate2"
"128","F07_8468",486620,290,1545,4.32425068119891,1.2125340599455,1.42561307901907,1.21634877384196,0.064850136239782,26.958038147139,1343,288,204,26.3917259211377,26.958038147139,"0.24_0.1_0.12_0.11_0.08_0.12_0.08_0.12_0.12_0.11_0.07_0.12_0.09_0.14_0.1_0.09_0.15_0.14_0.14_0.15",8468,"g7","Cas9",1835,0.158038147138965,4.324250681,26.95803815,0.0965560413612362,0.736763236763237,"8",0.75476306790425,0.156948228882834,"Cas9","Replicate2"
"129","F08_8227",2283904,7459,9368,3.5751470850419,1.3016580495632,0.195043679800321,0,0.0171747786295834,24.6367742318892,6567,7265,2995,24.3598619535662,24.6367742318892,"0.09_0.17_0.17_0.08_0.18_0.18_0.13_0.14_0.11_0.13_0.13_0.16_0.18_0.11_0.26_0.14_0.19_0.2_0.22_0.12",8227,"g2","BE3",16827,0.44327568788257,3.575147085,24.63677423,0.0930056831061814,0.287111531787348,"10",0.453568316064685,0.431746597729839,"BE3","Replicate1"
"130","F11_8238",919356,533,2174,-35.0203176948652,4.92390099741411,1.93239748799409,0.0720354636128556,0.646102696712228,24.164019209457,628,531,1548,22.7408088235294,24.164019209457,"0.12_0.45_0.21_0.2_0.48_0.13_0.21_0.17_0.3_0.25_0.17_0.15_0.39_0.19_0.14_0.45_0.22_0.49_0.22_0.17",8238,"g6","BE3",2707,0.196896933875139,-35.02031769,24.16401921,0.281702607016415,2.25136787898294,"18",0.637536656891496,0.196158108607314,"BE3","Replicate1"
"131","F12_8238",2386816,86595,27180,13.1386772137992,0.547237969676994,0.267343441001978,0.201485387826851,0.0284069435288947,24.2266842452208,22629,86319,4827,21.7954545454545,24.2266842452208,"0.13_0.19_0.17_0.16_0.1_0.09_0.09_0.11_0.16_0.09_0.11_0.14_0.13_0.21_0.15_0.28_0.26_0.4_0.13_0.51",8238,"g5","Cas9",113775,0.761107448912327,13.13867721,24.22668425,0.0450305801745682,0.364090665714796,"4",0.21525643868597,0.758681608437706,"Cas9","Replicate1"
"132","G01_8467",417916,1866,4634,-11.6495384615385,3.94692307692308,0.236923076923077,0.211384615384615,0.0230769230769231,20.2667692307692,4261,1866,373,18.360811394044,20.2667692307692,"0.03_0.1_0.05_0.05_0.05_0.07_0.07_0.04_0.13_0.03_0.04_0.11_0.23_0.31_0.18_0.33_0.23_0.32_0.27_0.06",8467,"g3","Cas9",6500,0.287076923076923,-11.64953846,20.26676923,0.223093662519542,2.76581489560611,"32",0.597164948453608,0.287076923076923,"Cas9","Replicate2"
"133","G02_8227",61300,3587,228,24.3790301441678,0.0212319790301442,0.0442988204456094,0.000786369593709043,0.00655307994757536,29.9740498034076,220,3517,78,29.6744966442953,29.9740498034076,"0.04_0.06_0.03_0.06_0.07_0.01_0.01_0.07_0.07_0.03_0.03_0.04_0.07_0.07_0.06_0.07_0.06_0.09_0.03_0.01",8227,"g6","BE3",3815,0.940235910878113,24.37903014,29.9740498,0.00744073570274261,0.00397614314115308,"0",0.046961894953656,0.921887287024902,"BE3","Replicate1"
"134","G02_8467",660688,1145,2552,-15.5455774952664,4.28969434676765,0.207465512577766,0.146605355693806,0.0630240735731674,19.8260751961049,2198,1142,357,17.5127201565558,19.8260751961049,"0.05_0.15_0.09_0.09_0.14_0.13_0.12_0.09_0.14_0.07_0.08_0.12_0.16_0.26_0.15_0.3_0.22_0.26_0.25_0.05",8467,"g3","BE3",3697,0.309710576142818,-15.5455775,19.8260752,0.263777638412455,3.39346475830408,"32",0.57737556561086,0.308899107384366,"BE3","Replicate2"
"135","G03_8227",12400,1482,346,15.9048140043764,0.346827133479212,0.151531728665208,0.118708971553611,0.012582056892779,24.5103938730853,305,1439,84,22.6992287917738,24.5103938730853,"0.02_0.11_0.03_0.07_0.02_0.03_0.05_0.04_0.03_0.01_0.05_0.04_0.04_0.1_0.02_0.21_0.09_0.38_0.07_0.42",8227,"g5","Cas9",1828,0.810722100656455,15.904814,24.51039387,0.0235607255520505,0.165615141955836,"2",0.172053704624565,0.787199124726477,"Cas9","Replicate1"
"136","G03_8467",47076,3288,2040,9.17286036036036,1.24380630630631,0.121433933933934,0.111298798798799,0.0112612612612613,23.7070195195195,1915,3279,134,21.6378721327477,23.7070195195195,"0.02_0.04_0.01_0.01_0.03_0.03_0.01_0.02_0.05_0.02_0.02_0.06_0.12_0.18_0.15_0.25_0.24_0.22_0.25_0.05",8467,"g3","Cas9",5328,0.617117117117117,9.17286036,23.70701952,0.0709951278856896,0.752653927813164,"2",0.302760463045414,0.615427927927928,"Cas9","Replicate2"
"137","G04_8467",125212,11706,6983,9.58505002942908,1.19460645299374,0.118786451923591,0.109529669859276,0.00984536358285623,23.7644068703515,6610,11691,388,21.7000571591883,23.7644068703515,"0.01_0.05_0.02_0.01_0.04_0.04_0.03_0.01_0.06_0.03_0.02_0.09_0.16_0.2_0.18_0.29_0.24_0.23_0.25_0.05",8467,"g3","BE3",18689,0.626357750548451,9.585050029,23.76440687,0.0691608424530603,0.73314344899016,"2",0.305990096840629,0.625555139386805,"BE3","Replicate2"
"138","G05_8467",239840,2933,9111,-8.96147459315842,3.52150448356028,0.245516439721023,0.228827632015942,0.0232480903354367,20.9107439388907,8268,2928,848,19.5973014480035,20.9107439388907,"0.03_0.06_0.01_0.03_0.04_0.07_0.05_0.02_0.07_0.03_0.04_0.08_0.16_0.25_0.17_0.4_0.23_0.28_0.3_0.03",8467,"g3","Cas9",12044,0.2435237462637,-8.961474593,20.91074394,0.203394660702987,2.46931618936295,"25",0.631699369063302,0.243108601793424,"Cas9","Replicate2"
"139","G06_8227",29144,1139,535,10.8458781362007,0.791517323775388,0.34468339307049,0.250298685782557,0.0400238948626045,23.9808841099164,461,1117,96,21.9317773788151,23.9808841099164,"0.06_0.08_0.06_0.09_0.04_0.05_0.05_0.05_0.08_0.05_0.06_0.05_0.08_0.13_0.11_0.27_0.24_0.33_0.06_0.44",8227,"g5","BE3",1674,0.680406212664277,10.84587814,23.98088411,0.0522567517573067,0.437106918238994,"4",0.286402569593148,0.66726403823178,"BE3","Replicate1"
"140","G06_8467",250852,6108,4693,1.02768262197945,2.29543560781409,0.117396537357652,0.104527358577909,0.0291639662994167,22.200999907416,4288,6091,422,18.5811040339703,22.200999907416,"0.03_0.09_0.06_0.05_0.07_0.07_0.07_0.05_0.13_0.03_0.04_0.09_0.14_0.23_0.18_0.26_0.13_0.22_0.23_0.05",8467,"g3","BE3",10801,0.56550319414869,1.027682622,22.20099991,0.13992090286776,1.80138232084394,"25",0.360777982779828,0.563929265808721,"BE3","Replicate2"
"141","G07_8227",32336,340,1321,-4.96688741721854,2.56110776640578,0.588801926550271,0.405177603853101,0.0626128838049368,22.2077062010837,1113,328,220,21.5131282820705,22.2077062010837,"0.02_0.03_0.08_0.02_0.05_0.04_0.03_0.09_0.09_0.04_0.08_0.05_0.14_0.15_0.11_0.26_0.16_0.54_0.41_0.11",8227,"g4","Cas9",1661,0.20469596628537,-4.966887417,22.2077062,0.143469497446923,1.07868852459016,"4",0.680577022153529,0.197471402769416,"Cas9","Replicate1"
"142","G12_8238",116880,116,74,-4.84736842105263,2.26315789473684,1.12105263157895,0.0631578947368421,0.321052631578947,27.4631578947368,34,112,44,23.8205128205128,27.4631578947368,"0.06_0.42_0.11_0.39_0.46_0.07_0.15_0.28_0.21_0.19_0.35_0.19_0.4_0.13_0.15_0.54_0.17_0.5_0.19_0.2",8238,"g6","Cas9",190,0.610526315789474,-4.847368421,27.46315789,0.141398402015715,0.728110599078341,"4",0.313559322033898,0.589473684210526,"Cas9","Replicate1"
"143","G7_8238",186576,237,549,3.62977099236641,1.36641221374046,1.31552162849873,0.984732824427481,0.0865139949109415,27.1323155216285,458,235,93,25.9092558983666,27.1323155216285,"0.22_0.08_0.08_0.13_0.11_0.14_0.05_0.05_0.1_0.07_0.06_0.02_0.05_0.2_0.07_0.13_0.06_0.12_0.09_0.08",8238,"g7","BE3",786,0.301526717557252,3.629770992,27.13231552,0.115254602991945,0.652474108170311,"10",0.600656455142232,0.298982188295165,"BE3","Replicate1"
"144","G9_8238",476628,478,2977,0.655571635311143,1.76931982633864,1.5013024602026,1.30738060781476,0.0503617945007236,26.1085383502171,2654,476,325,25.4877475662974,26.1085383502171,"0.31_0.1_0.17_0.14_0.22_0.15_0.1_0.11_0.16_0.17_0.09_0.13_0.08_0.18_0.07_0.07_0.09_0.14_0.13_0.14",8238,"g7","BE3",3455,0.1383502170767,0.655571635,26.10853835,0.0973508975101332,0.834302325581395,"10",0.744994994994995,0.137771345875543,"BE3","Replicate1"
"145","H01_8467",98516,1054,3079,1.78949915315751,1.62400193563997,0.0396806194047907,0,0.00992015485119768,23.3697072344544,2668,1051,414,22.8137573004542,23.3697072344544,"0.02_0.06_0.04_0.05_0.07_0.08_0.09_0.06_0.06_0.07_0.08_0.15_0.06_0.06_0.18_0.1_0.22_0.21_0.44_0.1",8467,"g2","Cas9",4133,0.255020566174691,1.789499153,23.36970723,0.104679319167687,0.83700222606975,"32",0.631330736108263,0.25429470118558,"Cas9","Replicate2"
"146","H02_8467",255828,578,141,11.2294853963839,0.592489568845619,0.136300417246175,0,0.0139082058414465,24.8859527121001,59,578,82,24.4184397163121,24.8859527121001,"0.05_0.21_0.11_0.06_0.13_0.19_0.13_0.18_0.14_0.16_0.21_0.25_0.22_0.12_0.25_0.31_0.29_0.1_0.23_0.16",8467,"g2","BE3",719,0.803894297635605,11.2294854,24.88595271,0.0654427501337614,0.0533707865168539,"32",0.160958904109589,0.803894297635605,"BE3","Replicate2"
"147","H03_8227",21964,788,69,22.4282380396733,0.170361726954492,0.110851808634772,0.00350058343057176,0.0221703617269545,29.8086347724621,49,773,35,28.047619047619,29.8086347724621,"0.05_0.13_0.03_0.1_0.17_0.05_0.07_0.14_0.12_0.12_0.08_0.12_0.15_0.02_0.03_0.11_0.05_0.15_0.03_0",8227,"g6","Cas9",857,0.919486581096849,22.42823804,29.80863477,0.0240043375394322,0.0126182965299685,"0",0.066925315227934,0.901983663943991,"Cas9","Replicate1"
"148","H03_8467",12704,641,578,13.2715340442986,0.666119770303528,0.0131255127153404,0,0.00656275635767022,24.9573420836751,565,636,18,24.9108061749571,24.9573420836751,"0_0.02_0.01_0.01_0.04_0.01_0.01_0_0.01_0.04_0.03_0.05_0.05_0.07_0.17_0.03_0.16_0.03_0.4_0.06",8467,"g2","Cas9",1219,0.525840853158327,13.27153404,24.95734208,0.0597059633101796,0.232865400495458,"2",0.407329105003524,0.521739130434783,"Cas9","Replicate2"
"149","H04_8467",4196,53,34,13.2183908045977,0.724137931034483,0.0114942528735632,0,0,24.8045977011494,32,53,2,24.5,24.8045977011494,"0_0_0_0_0_0_0_0_0_0.11_0.11_0_0.1_0_0.12_0_0.11_0.12_0.38_0",8467,"g2","BE3",87,0.609195402298851,13.2183908,24.8045977,0.0636957813428402,0.376470588235294,"2",0.330097087378641,0.609195402298851,"BE3","Replicate2"
"150","H05_8467",157716,268,1374,-1.64190012180268,1.95188794153471,0.0493300852618758,0,0.0152253349573691,22.8440925700365,1166,263,213,22.4329224075417,22.8440925700365,"0.03_0.06_0.04_0.03_0.02_0.07_0.06_0.01_0.04_0.06_0.09_0.17_0.08_0.09_0.15_0.12_0.22_0.16_0.48_0.1",8467,"g2","Cas9",1642,0.163215590742996,-1.641900122,22.84409257,0.12664235505523,1.06037735849057,"25",0.707153885743695,0.160170523751523,"Cas9","Replicate2"
"151","H06_8227",52472,2265,178,23.8374948833402,0.0511665984445354,0.070814572247237,0.00204666393778142,0.0102333196889071,29.9369627507163,158,2221,64,29.3063063063063,29.9369627507163,"0.04_0.09_0.02_0.09_0.1_0.04_0.09_0.12_0.09_0.12_0.06_0.06_0.1_0.04_0.08_0.11_0.06_0.17_0.07_0.03",8227,"g6","BE3",2443,0.927138763814982,23.83749488,29.93696275,0.0133553779737301,0.0167539267015707,"4",0.0571061918511389,0.909128121162505,"BE3","Replicate1"
"152","H06_8467",360156,12130,699,18.823602774963,0.099072414061891,0.0146542988541585,0,0.00420921350066256,24.9367838490919,570,12101,158,23.8818681318681,24.9367838490919,"0.08_0.1_0.1_0.05_0.07_0.11_0.08_0.08_0.05_0.06_0.08_0.09_0.08_0.06_0.15_0.09_0.14_0.13_0.22_0.07",8467,"g2","BE3",12829,0.945514069685868,18.82360277,24.93678385,0.00645326736828045,0.0233185873884682,"0",0.0441399343268502,0.943253566139216,"BE3","Replicate2"
"153","H07_8227",40728,986,475,8.80287474332649,0.919233401779603,0.46611909650924,0.327173169062286,0.0609171800136893,23.7467488021903,396,965,100,21.3084677419355,23.7467488021903,"0.07_0.12_0.06_0.09_0.03_0.04_0.06_0.04_0.07_0.05_0.08_0.05_0.11_0.12_0.11_0.2_0.24_0.37_0.09_0.52",8227,"g5","Cas9",1461,0.674880219028063,8.802874743,23.7467488,0.081176431246656,0.694756554307116,"10",0.295765877957659,0.660506502395619,"Cas9","Replicate1"
"154","H08_8227",2445232,2714,7057,-15.327806775151,3.32749974414082,1.18626547948009,0.249718554907379,0.18923344591137,23.0789069696039,3616,2685,3470,22.0115721140277,23.0789069696039,"0.08_0.19_0.24_0.2_0.19_0.17_0.14_0.34_0.17_0.17_0.2_0.17_0.37_0.23_0.12_0.28_0.18_0.42_0.4_0.09",8227,"g4","BE3",9771,0.277760720499437,-15.32780678,23.07890697,0.198605513067205,1.17023583626999,"10",0.585886259858863,0.274792754068161,"BE3","Replicate1"
"155","H10_8238",276388,283,889,1.42918088737201,1.41638225255973,1.57849829351536,1.16723549488055,0.0904436860068259,26.8250853242321,770,283,119,25.814398200225,26.8250853242321,"0.42_0.15_0.17_0.27_0.32_0.29_0.17_0.15_0.27_0.24_0.12_0.14_0.1_0.38_0.08_0.18_0.22_0.22_0.09_0.24",8238,"g7","Cas9",1172,0.241467576791809,1.429180887,26.82508532,0.170053020627733,0.827586206896552,"8",0.656573116691285,0.241467576791809,"Cas9","Replicate1"
"156","H5_8238",3856,0,162,-43.2654320987654,2.42592592592593,5.04320987654321,0.364197530864198,0.555555555555556,24.0864197530864,145,0,17,24.0864197530864,24.0864197530864,"0.16_0.2_0.85_0.24_0.72_0.12_0.28_0.32_0.35_0.38_0.44_0.5_0.76_0.64_0.38_0.3_0.36_0.09_0.35_0.19",8238,"g1","BE3",162,0,-43.2654321,24.08641975,0.290550953573493,0.256983240223464,"10",0.84375,0,"BE3","Replicate1"
"157","H6_8238",188788,13339,17048,10.8576035804785,0.950077335702768,0.0225096258268338,0,0.0139204264981736,24.5515187415671,16021,13228,1138,24.2055481088642,24.5515187415671,"0.02_0.03_0.02_0.02_0.03_0.03_0.03_0.04_0.03_0.04_0.04_0.1_0.08_0.11_0.17_0.07_0.16_0.16_0.38_0.07",8238,"g2","BE3",30387,0.438970612432948,10.85760358,24.55151874,0.0636910448349967,0.367787270023617,"4",0.480455429360539,0.435317734557541,"BE3","Replicate1"
"158","H7_8238",443748,7231,33240,-2.98524869659756,2.73356230387191,0.172518593560821,0.0362234686565689,0.0590052136097452,22.5116008994095,28470,7218,4783,21.9714612215439,22.5116008994095,"0.03_0.04_0.07_0.06_0.07_0.04_0.04_0.06_0.04_0.05_0.06_0.1_0.16_0.15_0.17_0.18_0.28_0.18_0.42_0.11",8238,"g1","Cas9",40471,0.178671147241234,-2.985248697,22.5116009,0.142913415366146,1.24693943298969,"8",0.717849044379657,0.178349929579205,"Cas9","Replicate1"
"159","H8_8238",422592,315,779,-15.9204753199269,1.93875685557587,2.8199268738574,1.1654478976234,0.412248628884826,27.0621572212066,360,313,421,25.8847631241997,27.0621572212066,"0.66_0.26_0.25_0.36_0.43_0.32_0.3_0.28_0.32_0.31_0.18_0.09_0.12_0.42_0.17_0.21_0.3_0.21_0.11_0.31",8238,"g7","Cas9",1094,0.287934186471664,-15.92047532,27.06215722,0.170727007180819,0.36703821656051,"18",0.586596385542169,0.286106032906764,"Cas9","Replicate1"
"160","H9_8238",1616128,27089,130284,-8.51678496311311,3.51953638807165,0.179751291517605,0.0328582412484988,0.0657101281668393,21.2729248346286,99973,27046,30354,20.4984078510209,21.2729248346286,"0.04_0.04_0.07_0.08_0.09_0.04_0.04_0.05_0.04_0.05_0.06_0.1_0.19_0.18_0.18_0.21_0.32_0.18_0.44_0.09",8238,"g1","Cas9",157373,0.172132449657819,-8.516784963,21.27292483,0.169017284694769,1.64847052517451,"18",0.729359338961417,0.171859213461013,"Cas9","Replicate1"
