"","Coverage","Uncut","Cut","Diversity","Substitutions","Indel","Cmut","CmutPam","C.T","length","active.UncutPAM.qualiy","uncut.quality","inactive.PAM.quality","cut.length","all.length","Mutationperbase","System","Day","Lane","gRNA","p.cut","p.uncut","p.uncut.quality","Day.c","replicate","p.active.uncut.PAM","p.inactive.cut"
"1",6624,6408,216,0.0679284152378054,0.0360809178743961,0.0310990338164251,0.0264190821256039,0.00905797101449275,0.00483091787439614,24.9593900966184,187,6308,129,24.1487341772152,24.9593900966184,"0.09_0.06_0.07_0.1_0.05_0.02_0.08_0.03_0.05_0.06_0.06_0.06_0.08_0.06_0.02_0.1_0.1_0.11_0.08_0.14","BE3",0,8227,"g5",0.0292207792207792,0.967391304347826,0.952294685990338,0,"Replicate1",0.0282306763285024,0.0194746376811594
"2",3012,1901,1111,0.213203169829309,0.694223107569721,0.819389110225764,0.182270916334661,0.105909694555113,0.0703851261620186,24.6059096945551,866,1867,279,23.9633187772926,24.6059096945551,"0.09_0.29_0.23_0.11_0.08_0.22_0.24_0.24_0.26_0.08_0.05_0.14_0.16_0.19_0.07_0.08_0.16_0.22_0.27_0.1","Cas9",2,8227,"g3",0.29438261791203,0.631142098273572,0.619853917662683,2,"Replicate1",0.287516600265604,0.0926294820717131
"3",3327,2682,645,0.122381800271928,0.249173429516081,0.343552750225428,0.173128944995491,0.121731289449955,0.0162308385933273,24.5638713555756,550,2637,140,22.8898550724638,24.5638713555756,"0.07_0.1_0.04_0.08_0.04_0.03_0.03_0.03_0.06_0.06_0.05_0.05_0.06_0.09_0.06_0.19_0.19_0.34_0.09_0.34","BE3",2,8227,"g5",0.173340499865628,0.806131650135257,0.792605951307484,2,"Replicate1",0.165314096783889,0.0420799519086264
"4",2443,2265,178,0.00765416541988906,0.126893164142448,0.0511665984445354,0.070814572247237,0.00204666393778142,0.0102333196889071,29.9369627507163,158,2221,64,29.3063063063063,29.9369627507163,"0.04_0.09_0.02_0.09_0.1_0.04_0.09_0.12_0.09_0.12_0.06_0.06_0.1_0.04_0.08_0.11_0.06_0.17_0.07_0.03","BE3",4,8227,"g6",0.0571061918511389,0.927138763814982,0.909128121162505,4,"Replicate1",0.0646745804338928,0.0261972984036021
"5",3752,3508,244,0.0689159621514813,0.0692963752665245,0.00613006396588486,0.0437100213219616,0.00106609808102345,0.00453091684434968,24.9912046908316,240,3456,56,24.8783783783784,24.9912046908316,"0.06_0.04_0.06_0.07_0.04_0.05_0.03_0.04_0.03_0.03_0.01_0.06_0.07_0.04_0.07_0.04_0.07_0.03_0.1_0.04","Cas9",0,8227,"g1",0.0523156089193825,0.934968017057569,0.921108742004264,0,"Replicate1",0.0639658848614073,0.0149253731343284
"6",1081,619,462,0.239833265592254,0.413506012950971,1.37927844588344,0.228492136910268,0.00555041628122109,0.0490286771507863,23.895467160037,393,616,72,22.4215053763441,23.895467160037,"0.01_0.04_0.07_0.05_0.08_0.11_0.06_0.07_0.03_0.04_0.07_0.12_0.13_0.14_0.03_0.06_0.12_0.12_0.24_0.07","BE3",4,8227,"g1",0.356481481481481,0.572617946345976,0.569842738205365,4,"Replicate1",0.363552266419982,0.0666049953746531
"7",1423,1192,231,0.0484849589776586,0.374560787069571,0.224174279690794,0.26914968376669,0.174982431482783,0.0245959241040056,29.5115952213633,193,1166,64,27.295719844358,29.5115952213633,"0.12_0.06_0.09_0.09_0.09_0.06_0.07_0.09_0.11_0.08_0.01_0.1_0.04_0.09_0.04_0.09_0.04_0.08_0.04_0.06","BE3",4,8227,"g9",0.138738738738739,0.837666900913563,0.81939564300773,4,"Replicate1",0.135628952916374,0.044975404075896
"8",2031,908,1123,0.289794928597744,0.358444116198917,1.84441161989168,0.180699162973904,0.166912850812408,0.0192023633677991,23.0748399803053,1020,892,119,21.5671641791045,23.0748399803053,"0.01_0.03_0.03_0.02_0.04_0.04_0.08_0.05_0.03_0.02_0.03_0.09_0.11_0.13_0.11_0.28_0.19_0.24_0.28_0.07","BE3",4,8227,"g3",0.455948030856679,0.447070408665682,0.439192516001969,4,"Replicate1",0.502215657311669,0.0585918266863614
"9",2560,2427,133,0.0707665901377784,0.065234375,0.030078125,0.020703125,0,0.0046875,24.97734375,119,2383,58,24.6723163841808,24.97734375,"0.07_0.06_0.06_0.04_0_0.06_0.08_0.04_0.06_0.11_0.11_0.1_0.06_0.05_0.11_0.04_0.07_0.02_0.09_0.13","Cas9",0,8227,"g2",0.0419029615626969,0.948046875,0.930859375,0,"Replicate1",0.046484375,0.02265625
"10",2252,1049,1203,0.278206262689682,0.379218472468917,1.71536412078153,0.188277087033748,0.171847246891652,0.0208703374777975,23.1904973357016,1107,1028,117,21.6707516339869,23.1904973357016,"0.03_0.02_0.03_0_0.04_0.05_0.08_0.05_0.05_0.02_0.03_0.08_0.12_0.15_0.11_0.26_0.16_0.23_0.21_0.07","Cas9",4,8227,"g3",0.445225758697261,0.465808170515098,0.456483126110124,4,"Replicate1",0.491563055062167,0.0519538188277087
"11",462242,337021,125221,0.156463367915216,0.406525153491029,0.533097381890871,0.274107502130918,0.213050739655851,0.0271719142786679,24.2423903496437,107385,332024,22833,22.3104947088728,24.2423903496437,"0.07_0.11_0.07_0.1_0.04_0.05_0.08_0.05_0.07_0.06_0.09_0.05_0.1_0.14_0.1_0.25_0.23_0.43_0.16_0.45","Cas9",4,8227,"g5",0.241730982321078,0.729100774053418,0.718290419304174,4,"Replicate1",0.232313376975697,0.0493962037201293
"12",3228,3015,213,0.0732040533885002,0.115551425030979,0.0133209417596035,0.030359355638166,0.0204460966542751,0.00991325898389095,24.9919454770756,205,2959,64,24.8996282527881,24.9919454770756,"0.05_0.07_0.12_0.08_0.14_0.08_0.16_0.18_0.14_0.07_0.12_0.05_0.04_0.16_0.04_0.06_0.1_0.03_0.13_0.13","Cas9",0,8227,"g3",0.0513129366417731,0.934014869888476,0.916666666666667,0,"Replicate1",0.0635068153655514,0.0198265179677819
"13",9771,2714,7057,0.561224208404371,1.83645481526968,3.32749974414082,1.18626547948009,0.249718554907379,0.18923344591137,23.0789069696039,3616,2685,3470,22.0115721140277,23.0789069696039,"0.08_0.19_0.24_0.2_0.19_0.17_0.14_0.34_0.17_0.17_0.2_0.17_0.37_0.23_0.12_0.28_0.18_0.42_0.4_0.09","BE3",10,8227,"g4",0.585886259858863,0.277760720499437,0.274792754068161,10,"Replicate1",0.370074710879132,0.355132535052707
"14",1661,340,1321,0.414780945325714,1.06863335340157,2.56110776640578,0.588801926550271,0.405177603853101,0.0626128838049368,22.2077062010837,1113,328,220,21.5131282820705,22.2077062010837,"0.02_0.03_0.08_0.02_0.05_0.04_0.03_0.09_0.09_0.04_0.08_0.05_0.14_0.15_0.11_0.26_0.16_0.54_0.41_0.11","Cas9",4,8227,"g4",0.680577022153529,0.20469596628537,0.197471402769416,4,"Replicate1",0.670078266104756,0.132450331125828
"15",3134,1177,1957,0.244258569294264,0.523611997447352,1.11997447351627,0.119974473516273,0,0.0274409700063816,24.5118059987237,1696,1148,290,24.2275931520645,24.5118059987237,"0.06_0.12_0.12_0.05_0.08_0.12_0.1_0.08_0.04_0.11_0.1_0.1_0.13_0.09_0.24_0.12_0.23_0.12_0.28_0.08","BE3",4,8227,"g2",0.503991758949266,0.375558391831525,0.366305041480536,4,"Replicate1",0.541161455009572,0.0925335035098915
"16",8324,7928,396,0.0677436976941155,0.0628303700144161,0.00444497837578087,0.0157376261412782,0.00985103315713599,0.00636713118692936,24.9990389235944,380,7777,167,24.981718464351,24.9990389235944,"0.05_0.13_0.1_0.06_0.11_0.07_0.15_0.12_0.07_0.06_0.07_0.05_0.05_0.12_0.03_0.05_0.07_0.05_0.09_0.09","BE3",0,8227,"g3",0.0371935756551141,0.952426717924075,0.934286400768861,0,"Replicate1",0.0456511292647765,0.0200624699663623
"17",2674,756,1918,0.272109839100678,0.298055347793568,1.68062827225131,0.117053103964099,0.0157068062827225,0.0321615557217651,23.9730740463725,1735,743,196,23.5779388917659,23.9730740463725,"0.01_0.02_0.05_0.03_0.06_0.02_0.01_0.07_0.05_0.03_0.05_0.06_0.13_0.09_0.13_0.17_0.21_0.14_0.33_0.08","Cas9",2,8227,"g1",0.577363034316677,0.282722513089005,0.277860882572924,2,"Replicate1",0.648840688107704,0.0732984293193717
"18",11447,2793,8654,0.445528766233331,0.899711714859789,2.91185463440203,0.356949419061763,0.284616056608718,0.0559972045077313,21.7800297021054,7406,2750,1291,20.761871909854,21.7800297021054,"0.08_0.11_0.08_0.04_0.06_0.11_0.14_0.12_0.16_0.04_0.05_0.1_0.18_0.24_0.14_0.24_0.2_0.33_0.33_0.1","Cas9",10,8227,"g3",0.611244526063003,0.243994059578929,0.240237616842841,10,"Replicate1",0.64698174194112,0.112780641216039
"19",16827,7459,9368,0.294046156970877,0.842277292446663,1.3016580495632,0.195043679800321,0,0.0171747786295834,24.6367742318892,6567,7265,2995,24.3598619535662,24.6367742318892,"0.09_0.17_0.17_0.08_0.18_0.18_0.13_0.14_0.11_0.13_0.13_0.16_0.18_0.11_0.26_0.14_0.19_0.2_0.22_0.12","BE3",10,8227,"g2",0.453568316064685,0.44327568788257,0.431746597729839,10,"Replicate1",0.390265644499911,0.17798775777025
"20",839,798,41,0.00269554260880933,0.0715137067938021,0.0488676996424315,0.0512514898688915,0.0131108462455304,0.0107270560190703,29.9439809296782,37,782,20,29.1754385964912,29.9439809296782,"0.17_0_0.1_0.07_0_0.06_0.06_0.07_0.03_0.03_0.03_0.07_0.03_0.03_0.03_0.07_0_0.03_0.03_0","BE3",0,8227,"g9",0.0409181636726547,0.951132300357569,0.932061978545888,0,"Replicate1",0.0441001191895113,0.0238379022646007
"21",1733,1650,83,0.000308776635619012,0.0709751875360646,0.0300057703404501,0.050201961915753,0.00980957876514714,0.00865551067512983,29.9653779572995,78,1619,36,29.4736842105263,29.9653779572995,"0.15_0.02_0.12_0.12_0.06_0.08_0.06_0.04_0.06_0.04_0.02_0.09_0.02_0.06_0.02_0.06_0.02_0.02_0.07_0.04","Cas9",0,8227,"g9",0.0389305816135084,0.952106174264282,0.934218118869013,0,"Replicate1",0.0450086555106751,0.0207732256203116
"22",964,892,72,0.0279368107217863,0.246887966804979,0.139004149377593,0.134854771784232,0.00311203319502075,0.0342323651452282,29.8485477178423,48,882,34,28.219512195122,29.8485477178423,"0.03_0.2_0.03_0.14_0.11_0.03_0.06_0.08_0.13_0.11_0.08_0.11_0.11_0.11_0.05_0.11_0.14_0.18_0.06_0.06","BE3",2,8227,"g6",0.0597510373443983,0.925311203319502,0.9149377593361,2,"Replicate1",0.0497925311203319,0.0352697095435685
"23",6177,5746,431,0.0697128403400318,0.0777076250607091,0.0110085802169338,0.0482434838918569,0.000647563542172576,0.00534239922292375,24.9899627650963,421,5677,79,24.876,24.9899627650963,"0.03_0.05_0.1_0.05_0.05_0.07_0.03_0.08_0.04_0.03_0.04_0.06_0.11_0.08_0.08_0.05_0.09_0.03_0.08_0.07","BE3",0,8227,"g1",0.0551574097773228,0.930225028330905,0.919054557228428,0,"Replicate1",0.0681560628136636,0.0127893799579084
"24",2197,500,1697,0.825147077237694,7.57532999544834,1.59353664087392,3.02913063268093,0.00136549840691853,1.51115157032317,26.1447428311334,1657,495,45,25.0235017626322,26.1447428311334,"0.54_0.27_0.1_0.2_0.58_0.6_0_0.08_0.5_0.06_0.04_0.02_0.46_0.06_0.42_0.46_0.15_0.57_0.06_0.15","Cas9",10,8227,"g6",0.683722804190169,0.227583067819754,0.225307237141557,10,"Replicate1",0.754210286754666,0.0204824761037779
"25",857,788,69,0.0275728776087361,0.213535589264877,0.170361726954492,0.110851808634772,0.00350058343057176,0.0221703617269545,29.8086347724621,49,773,35,28.047619047619,29.8086347724621,"0.05_0.13_0.03_0.1_0.17_0.05_0.07_0.14_0.12_0.12_0.08_0.12_0.15_0.02_0.03_0.11_0.05_0.15_0.03_0","Cas9",0,8227,"g6",0.066925315227934,0.919486581096849,0.901983663943991,0,"Replicate1",0.0571761960326721,0.0408401400233372
"26",1461,986,475,0.220156430555854,0.695414099931554,0.919233401779603,0.46611909650924,0.327173169062286,0.0609171800136893,23.7467488021903,396,965,100,21.3084677419355,23.7467488021903,"0.07_0.12_0.06_0.09_0.03_0.04_0.06_0.04_0.07_0.05_0.08_0.05_0.11_0.12_0.11_0.2_0.24_0.37_0.09_0.52","Cas9",10,8227,"g5",0.295765877957659,0.674880219028063,0.660506502395619,10,"Replicate1",0.271047227926078,0.0684462696783025
"27",2690,1751,939,0.18687398843261,0.330483271375465,0.877323420074349,0.155390334572491,0.133085501858736,0.0234200743494424,24.1457249070632,868,1718,104,22.6337448559671,24.1457249070632,"0.01_0.07_0.06_0.01_0.06_0.09_0.11_0.07_0.08_0.03_0.04_0.06_0.1_0.09_0.09_0.23_0.18_0.22_0.3_0.05","BE3",2,8227,"g3",0.265855039637599,0.65092936802974,0.638661710037175,2,"Replicate1",0.322676579925651,0.0386617100371747
"28",5206,2829,2377,0.230774089263237,0.638686131386861,0.999039569727238,0.409719554360353,0.019208605455244,0.127929312331925,24.6083365347676,1898,2793,515,24.1446332366349,24.6083365347676,"0.04_0.13_0.15_0.14_0.16_0.12_0.08_0.16_0.07_0.08_0.15_0.13_0.18_0.16_0.13_0.18_0.22_0.11_0.25_0.12","BE3",4,8227,"g1",0.370595572185843,0.543411448328851,0.536496350364963,4,"Replicate1",0.36457933154053,0.0989243180945063
"29",1615,915,700,0.227382310275386,0.551083591331269,0.957894736842105,0.162229102167183,0,0.0315789473684211,24.8117647058824,527,899,189,24.5684357541899,24.8117647058824,"0.05_0.12_0.07_0.07_0.04_0.12_0.08_0.13_0.05_0.15_0.14_0.13_0.13_0.14_0.16_0.07_0.09_0.04_0.21_0.14","BE3",2,8227,"g2",0.353713996968166,0.56656346749226,0.556656346749226,2,"Replicate1",0.326315789473684,0.11702786377709
"30",2617,1002,1615,0.228080238980416,0.301490256018342,1.21131066106229,0.0481467329002675,0,0.0202521971723347,24.227359572029,1469,977,171,23.7670731707317,24.227359572029,"0.02_0.04_0.05_0.01_0.03_0.05_0.06_0.05_0.02_0.06_0.06_0.09_0.06_0.07_0.19_0.11_0.2_0.14_0.35_0.1","Cas9",4,8227,"g2",0.522822920038848,0.38288116163546,0.373328238440963,4,"Replicate1",0.561329766908674,0.065341994650363
"31",1135,1048,87,0.045207001366085,0.350660792951542,0.215859030837004,0.219383259911894,0.0713656387665198,0.0361233480176211,29.7171806167401,53,1036,46,26.7575757575758,29.7171806167401,"0.37_0.15_0.2_0.23_0.2_0.2_0.17_0.16_0.23_0.14_0.05_0.03_0_0.23_0.02_0.2_0.14_0.12_0.13_0.17","BE3",2,8227,"g9",0.0627253064167267,0.923348017621145,0.912775330396476,2,"Replicate1",0.0466960352422907,0.0405286343612335
"32",1828,1482,346,0.119776230339517,0.221553610503282,0.346827133479212,0.151531728665208,0.118708971553611,0.012582056892779,24.5103938730853,305,1439,84,22.6992287917738,24.5103938730853,"0.02_0.11_0.03_0.07_0.02_0.03_0.05_0.04_0.03_0.01_0.05_0.04_0.04_0.1_0.02_0.21_0.09_0.38_0.07_0.42","Cas9",2,8227,"g5",0.172053704624565,0.810722100656455,0.787199124726477,2,"Replicate1",0.166849015317287,0.0459518599562363
"33",5033,4743,290,0.0702515833198293,0.0725213590303994,0.0190741108682694,0.050268229684085,0.00635803695608981,0.00417246175243394,24.9976157361415,277,4667,89,24.9699453551913,24.9976157361415,"0.08_0.05_0.11_0.08_0.08_0.06_0.03_0.13_0.08_0.04_0.04_0.03_0.13_0.08_0.01_0.08_0.06_0.05_0.11_0.04","Cas9",0,8227,"g4",0.0490859851049424,0.942380290085436,0.927279952314723,0,"Replicate1",0.0550367574011524,0.0176832902841248
"34",3815,3587,228,0,0.0757536041939712,0.0212319790301442,0.0442988204456094,0.000786369593709043,0.00655307994757536,29.9740498034076,220,3517,78,29.6744966442953,29.9740498034076,"0.04_0.06_0.03_0.06_0.07_0.01_0.01_0.07_0.07_0.03_0.03_0.04_0.07_0.07_0.06_0.07_0.06_0.09_0.03_0.01","BE3",0,8227,"g6",0.046961894953656,0.940235910878113,0.921887287024902,0,"Replicate1",0.0576671035386632,0.0204456094364351
"35",2513,396,2117,0.355438762767442,0.892558694787107,2.00039793076005,0.530043772383605,0.276959808993235,0.0477516912057302,23.3255073617191,1858,388,267,23.0197647058824,23.3255073617191,"0.03_0.05_0.1_0.09_0.07_0.08_0.04_0.14_0.06_0.06_0.06_0.08_0.17_0.13_0.1_0.21_0.15_0.46_0.34_0.06","BE3",4,8227,"g4",0.704961704961705,0.15758058097891,0.154397134898528,4,"Replicate1",0.739355352168723,0.10624751293275
"36",11304,10793,511,0.068213445502903,0.0527246992215145,0.0171620665251239,0.0194621372965322,0,0.00283085633404105,24.986288039632,494,10602,208,24.7777777777778,24.986288039632,"0.06_0.06_0.07_0.04_0.05_0.06_0.07_0.07_0.06_0.08_0.1_0.07_0.08_0.05_0.15_0.07_0.1_0.06_0.06_0.1","BE3",0,8227,"g2",0.0376538206469678,0.954794762915782,0.937898089171974,0,"Replicate1",0.0437013446567587,0.0184005661712668
"37",26887,3634,23253,0.353974148267658,0.978205080522185,1.8971993900398,0.553538884962993,0.326663443299736,0.0509167999404917,23.4319187711533,20465,3517,2905,23.1959349593496,23.4319187711533,"0.04_0.05_0.11_0.08_0.09_0.09_0.03_0.11_0.08_0.05_0.06_0.07_0.16_0.12_0.11_0.14_0.11_0.52_0.39_0.08","BE3",4,8227,"g4",0.726179694575435,0.135158254918734,0.130806709562242,4,"Replicate1",0.761148510432551,0.108044780005207
"38",1674,1139,535,0.191280220540359,0.50179211469534,0.791517323775388,0.34468339307049,0.250298685782557,0.0400238948626045,23.9808841099164,461,1117,96,21.9317773788151,23.9808841099164,"0.06_0.08_0.06_0.09_0.04_0.05_0.05_0.05_0.08_0.05_0.06_0.05_0.08_0.13_0.11_0.27_0.24_0.33_0.06_0.44","BE3",4,8227,"g5",0.286402569593148,0.680406212664277,0.66726403823178,4,"Replicate1",0.275388291517324,0.0573476702508961
"39",1232,1098,134,0.0375837116510052,0.298701298701299,0.181818181818182,0.219155844155844,0.0965909090909091,0.0243506493506494,29.7053571428571,111,1087,34,27.4965517241379,29.7053571428571,"0.19_0.08_0.19_0.15_0.09_0.15_0.08_0.06_0.16_0.08_0.04_0.12_0.08_0.1_0.02_0.04_0.04_0.13_0.05_0.09","BE3",4,8227,"g9",0.0931849791376912,0.891233766233766,0.882305194805195,4,"Replicate1",0.0900974025974026,0.0275974025974026
"40",1456,1362,94,0.0170160563202506,0.182692307692308,0.0940934065934066,0.127747252747253,0.0528846153846154,0.0199175824175824,29.8447802197802,71,1337,48,28.1008403361345,29.8447802197802,"0.17_0.07_0.13_0.15_0.09_0.09_0.09_0.07_0.09_0.09_0.07_0.04_0.04_0.07_0.02_0.09_0.04_0.07_0.09_0.07","Cas9",4,8227,"g9",0.0544927536231884,0.93543956043956,0.918269230769231,4,"Replicate1",0.0487637362637363,0.032967032967033
"41",2292,768,1524,0.322266676847322,0.885253054101222,1.70244328097731,0.544938917975567,0.239965095986038,0.050174520069808,23.7753054101222,1236,753,303,23.1728395061728,23.7753054101222,"0.03_0.07_0.14_0.09_0.11_0.08_0.04_0.18_0.08_0.06_0.07_0.07_0.2_0.14_0.11_0.24_0.11_0.51_0.39_0.06","Cas9",2,8227,"g4",0.554181818181818,0.335078534031414,0.328534031413613,2,"Replicate1",0.539267015706806,0.132198952879581
"42",9568,8942,626,0.0692329789266771,0.0745192307692308,0.00898829431438127,0.0510033444816054,0.00501672240802676,0.00512123745819398,24.9985367892977,613,8789,166,24.982028241335,24.9985367892977,"0.07_0.03_0.07_0.08_0.09_0.07_0.03_0.11_0.04_0.09_0.05_0.07_0.1_0.09_0.09_0.06_0.07_0.12_0.08_0.1","BE3",0,8227,"g4",0.0531725133780685,0.934573578595318,0.918582775919732,0,"Replicate1",0.0640677257525084,0.0173494983277592
"43",10521,1780,8741,0.465976769841219,1.12470297500238,3.04334188765326,0.588537211291702,0.468871780249026,0.0816462313468301,21.4116528847068,7598,1771,1152,20.6853714285714,21.4116528847068,"0.04_0.04_0.08_0.07_0.08_0.05_0.06_0.08_0.04_0.05_0.09_0.13_0.15_0.14_0.14_0.21_0.15_0.6_0.47_0.07","Cas9",10,8238,"g4",0.741453897701247,0.169185438646517,0.16833000665336,10,"Replicate1",0.722174698222602,0.109495295124038
"44",33078,10751,22327,0.365938662206721,0.471763710018744,2.48730273898059,0.225315919946792,0.210955922365318,0.0183505653304311,22.260686861358,20629,10729,1720,20.9455904067296,22.260686861358,"0.01_0.06_0.03_0.02_0.03_0.05_0.03_0.02_0.06_0.03_0.05_0.12_0.2_0.21_0.19_0.33_0.23_0.28_0.26_0.05","Cas9",8,8238,"g3",0.571637052588458,0.325019650523006,0.32435455589818,8,"Replicate1",0.623647137069956,0.0519983070318641
"45",1172,283,889,0.324377663431516,2.14505119453925,1.41638225255973,1.57849829351536,1.16723549488055,0.0904436860068259,26.8250853242321,770,283,119,25.814398200225,26.8250853242321,"0.42_0.15_0.17_0.27_0.32_0.29_0.17_0.15_0.27_0.24_0.12_0.14_0.1_0.38_0.08_0.18_0.22_0.22_0.09_0.24","Cas9",8,8238,"g9",0.656573116691285,0.241467576791809,0.241467576791809,8,"Replicate1",0.656996587030717,0.101535836177474
"46",18437,6472,11965,0.388264663993786,0.462710853175679,2.78190594999186,0.127678038726474,0,0.0303737050496285,22.6452242772685,8504,6467,3466,21.3730158730159,22.6452242772685,"0.11_0.21_0.2_0.08_0.18_0.2_0.15_0.14_0.11_0.11_0.14_0.2_0.26_0.14_0.21_0.19_0.22_0.08_0.22_0.1","BE3",18,8238,"g2",0.562502938272766,0.351033248359278,0.350762054564192,18,"Replicate1",0.461246406682215,0.187991538753593
"47",177107,44661,132446,0.334351090396851,0.465503904419362,2.20210381294923,0.194131231402486,0.0395241294810482,0.0638540543287391,23.2421361098093,115051,44309,17747,22.6555595716803,23.2421361098093,"0.04_0.06_0.11_0.11_0.12_0.07_0.06_0.12_0.09_0.1_0.11_0.13_0.19_0.17_0.15_0.25_0.29_0.18_0.4_0.12","Cas9",4,8238,"g1",0.652687705742051,0.252169592393299,0.250182093310823,4,"Replicate1",0.649612945846296,0.10020496084288
"48",16371,2839,13532,0.409734634305268,0.948689756276342,2.60454462158695,0.50003054181174,0.403029747724635,0.0465457210921752,21.9968847352025,12223,2830,1318,21.3692489476405,21.9968847352025,"0.04_0.04_0.09_0.08_0.08_0.05_0.05_0.08_0.06_0.05_0.07_0.11_0.16_0.12_0.1_0.16_0.15_0.52_0.44_0.09","BE3",8,8238,"g4",0.736555628129763,0.173416407061267,0.172866654449942,8,"Replicate1",0.7466251298027,0.0805082157473581
"49",30387,13339,17048,0.191114490814862,0.18389442853852,0.950077335702768,0.0225096258268338,0,0.0139204264981736,24.5515187415671,16021,13228,1138,24.2055481088642,24.5515187415671,"0.02_0.03_0.02_0.02_0.03_0.03_0.03_0.04_0.03_0.04_0.04_0.1_0.08_0.11_0.17_0.07_0.16_0.16_0.38_0.07","BE3",4,8238,"g2",0.480455429360539,0.438970612432948,0.435317734557541,4,"Replicate1",0.527232040017113,0.0374502254253464
"50",137162,57477,79685,0.305929520540903,0.404332103643866,1.95379186655196,0.204232950817282,0.188375789212756,0.0127732170717837,22.9171782272058,74241,57372,5549,21.4195638551197,22.9171782272058,"0.04_0.09_0.06_0.05_0.07_0.07_0.05_0.05_0.1_0.05_0.07_0.1_0.19_0.25_0.19_0.29_0.26_0.28_0.31_0.07","BE3",4,8238,"g3",0.478289836978704,0.419044633353261,0.418279115206836,4,"Replicate1",0.541265073416836,0.0404558113763287
"51",916,376,540,0.671577852564994,3.4410480349345,3.64628820960699,1.72489082969432,0.0993449781659389,0.51528384279476,25.7401746724891,89,369,458,22.8665447897623,25.7401746724891,"0.08_0.57_0.19_0.23_0.59_0.07_0.36_0.24_0.41_0.36_0.25_0.25_0.41_0.09_0.12_0.49_0.3_0.48_0.25_0.12","Cas9",8,8238,"g6",0.451505016722408,0.410480349344978,0.402838427947598,8,"Replicate1",0.0971615720524018,0.5
"52",224,107,117,0.400988571058038,1.76785714285714,2.5,0.839285714285714,0.0267857142857143,0.267857142857143,26.8035714285714,78,107,39,23.8803418803419,26.8035714285714,"0.09_0.48_0.12_0.21_0.41_0.07_0.18_0.19_0.27_0.23_0.12_0.21_0.38_0.21_0.15_0.39_0.08_0.48_0.22_0.15","BE3",8,8238,"g6",0.425454545454545,0.477678571428571,0.477678571428571,8,"Replicate1",0.348214285714286,0.174107142857143
"53",34570,7820,26750,0.455395478099175,0.573705525021695,3.29921897599074,0.249493780734741,0.223864622505062,0.0363610066531675,21.3596470928551,24112,7817,2641,20.2959668074608,21.3596470928551,"0.07_0.12_0.08_0.06_0.07_0.1_0.08_0.06_0.13_0.06_0.03_0.13_0.21_0.25_0.22_0.22_0.2_0.28_0.31_0.06","BE3",18,8238,"g3",0.680661577608142,0.226207694532832,0.226120914087359,18,"Replicate1",0.697483367081284,0.0763957188313567
"54",23056,5076,17980,0.39169054160061,0.483908743927828,2.8449427480916,0.22822692574601,0.053998959056211,0.123308466342817,22.507373351839,13782,5069,4205,21.8049146605882,22.507373351839,"0.04_0.09_0.1_0.08_0.1_0.06_0.04_0.09_0.04_0.04_0.09_0.18_0.18_0.23_0.26_0.2_0.2_0.19_0.27_0.09","BE3",8,8238,"g1",0.68271567436209,0.220159611380985,0.21985600277585,8,"Replicate1",0.597761970853574,0.182382026370576
"55",57017,7074,49943,0.397382223038964,0.805882456109581,2.55834224880299,0.421891716505604,0.325096023992844,0.0295525895785467,22.3533332164091,44776,6958,5283,21.9854571605505,22.3533332164091,"0.04_0.05_0.06_0.09_0.08_0.04_0.04_0.06_0.05_0.06_0.07_0.12_0.14_0.17_0.14_0.16_0.14_0.49_0.41_0.08","Cas9",4,8238,"g4",0.780713135639587,0.124068260343406,0.122033779399127,4,"Replicate1",0.785309644491994,0.0926565761088798
"56",1094,315,779,0.569601101672498,4.06124314442413,1.93875685557587,2.8199268738574,1.1654478976234,0.412248628884826,27.0621572212066,360,313,421,25.8847631241997,27.0621572212066,"0.66_0.26_0.25_0.36_0.43_0.32_0.3_0.28_0.32_0.31_0.18_0.09_0.12_0.42_0.17_0.21_0.3_0.21_0.11_0.31","Cas9",18,8238,"g9",0.586596385542169,0.287934186471664,0.286106032906764,18,"Replicate1",0.329067641681901,0.384826325411335
"57",23478,12733,10745,0.300260978924257,1.4030155890621,1.06499701848539,1.00102223358037,0.51405571173013,0.244569384104268,24.1120197631826,7435,12719,3324,23.0501905381541,24.1120197631826,"0.25_0.29_0.27_0.29_0.2_0.14_0.12_0.18_0.29_0.12_0.17_0.22_0.25_0.34_0.2_0.22_0.36_0.25_0.14_0.51","BE3",18,8238,"g5",0.412159570387418,0.542337507453787,0.541741204531902,18,"Replicate1",0.316679444586421,0.141579350881676
"58",35493,11978,23515,0.227939510232237,0.267094920125095,1.23004536105711,0.0315555179894627,0,0.0162285521088665,24.3700166229961,21972,11774,1747,24.057295838779,24.3700166229961,"0.04_0.04_0.06_0.02_0.04_0.05_0.05_0.04_0.04_0.04_0.07_0.13_0.09_0.11_0.14_0.08_0.18_0.14_0.33_0.05","Cas9",4,8238,"g2",0.570835558576492,0.33747499506945,0.331727382864227,4,"Replicate1",0.619051643986138,0.0492209731496351
"59",786,237,549,0.293274091968308,1.80025445292621,1.36641221374046,1.31552162849873,0.984732824427481,0.0865139949109415,27.1323155216285,458,235,93,25.9092558983666,27.1323155216285,"0.22_0.08_0.08_0.13_0.11_0.14_0.05_0.05_0.1_0.07_0.06_0.02_0.05_0.2_0.07_0.13_0.06_0.12_0.09_0.08","BE3",10,8238,"g9",0.600656455142232,0.301526717557252,0.298982188295165,10,"Replicate1",0.582697201017812,0.118320610687023
"60",51318,15078,36240,0.24220105143736,0.312814217233719,1.30936513504034,0.0454031723761643,0,0.0244748431349624,24.3096379438014,33351,14797,3170,24.0299279866378,24.3096379438014,"0.04_0.07_0.08_0.03_0.08_0.08_0.07_0.06_0.05_0.06_0.08_0.14_0.12_0.14_0.16_0.1_0.24_0.16_0.35_0.07","Cas9",8,8238,"g2",0.611294784427502,0.293815035660002,0.288339374098757,8,"Replicate1",0.649888927861569,0.0617716980396742
"61",12672,1555,11117,0.415379465442389,0.939867424242424,2.6489898989899,0.501183712121212,0.385732323232323,0.0494791666666667,22.1081912878788,9993,1538,1141,21.7087300161667,22.1081912878788,"0.02_0.03_0.03_0.05_0.06_0.03_0.04_0.06_0.05_0.07_0.08_0.12_0.14_0.11_0.12_0.21_0.17_0.5_0.43_0.08","Cas9",8,8238,"g4",0.770355484720394,0.12271148989899,0.121369949494949,8,"Replicate1",0.788589015151515,0.0900410353535354
"62",15670,3874,11796,0.526477960429729,1.35335035098915,3.37377153797064,0.850350989151244,0.233120612635609,0.0691129546904914,23.1654754307594,7202,3866,4602,22.564639105388,23.1654754307594,"0.06_0.2_0.27_0.23_0.2_0.18_0.14_0.31_0.15_0.17_0.26_0.26_0.37_0.29_0.13_0.33_0.16_0.33_0.4_0.07","BE3",18,8238,"g4",0.64469585177898,0.247223994894703,0.246713465220166,18,"Replicate1",0.459604339502234,0.293682195277601
"63",42616,18000,24616,0.318174209692755,0.445841937300544,2.06100994931481,0.211704524122395,0.191078468180965,0.0209545710531256,22.7655575370753,22427,17976,2213,21.1354301948052,22.7655575370753,"0.03_0.08_0.06_0.02_0.05_0.06_0.06_0.05_0.07_0.05_0.06_0.11_0.19_0.19_0.16_0.26_0.24_0.27_0.3_0.06","Cas9",4,8238,"g3",0.489782924451342,0.422376572179463,0.421813403416557,4,"Replicate1",0.52625774357049,0.0519288530129529
"64",40471,7231,33240,0.386772075604266,0.495169380544093,2.73356230387191,0.172518593560821,0.0362234686565689,0.0590052136097452,22.5116008994095,28470,7218,4783,21.9714612215439,22.5116008994095,"0.03_0.04_0.07_0.06_0.07_0.04_0.04_0.06_0.04_0.05_0.06_0.1_0.16_0.15_0.17_0.18_0.28_0.18_0.42_0.11","Cas9",8,8238,"g1",0.717849044379657,0.178671147241234,0.178349929579205,8,"Replicate1",0.703466679844827,0.118183390575968
"65",2707,533,2174,0.839562013928082,3.94939046915405,4.92390099741411,1.93239748799409,0.0720354636128556,0.646102696712228,24.164019209457,628,531,1548,22.7408088235294,24.164019209457,"0.12_0.45_0.21_0.2_0.48_0.13_0.21_0.17_0.3_0.25_0.17_0.15_0.39_0.19_0.14_0.45_0.22_0.49_0.22_0.17","BE3",18,8238,"g6",0.637536656891496,0.196896933875139,0.196158108607314,18,"Replicate1",0.231991134096786,0.5718507572959
"66",21412,14519,6893,0.176682592251396,0.515084999065944,0.630160657575191,0.326172239865496,0.286194657201569,0.0320381094713245,24.0719689893518,6265,14494,653,22.1276380456779,24.0719689893518,"0.06_0.08_0.04_0.04_0.04_0.02_0.03_0.04_0.04_0.06_0.05_0.07_0.13_0.19_0.14_0.3_0.21_0.41_0.13_0.47","Cas9",8,8238,"g5",0.286981139930888,0.678077713431721,0.676910143844573,8,"Replicate1",0.292592938539137,0.0304969176162899
"67",18791,10902,7889,0.261526892493182,0.780958969719547,1.22446916076845,0.523601724229684,0.399074024799106,0.0504496833590549,23.3025384492576,6561,10889,1341,20.9634269805113,23.3025384492576,"0.13_0.15_0.12_0.15_0.08_0.08_0.07_0.11_0.16_0.07_0.1_0.11_0.14_0.22_0.16_0.24_0.21_0.4_0.11_0.54","Cas9",18,8238,"g5",0.383836909453608,0.580171358629131,0.579479538076739,18,"Replicate1",0.349156511095737,0.0713639508275238
"68",32319,7364,24955,0.317709500278956,0.386429035551843,2.05235310498468,0.170704539125592,0.0166465546582506,0.0630898233237415,23.6223583650484,22395,7336,2588,23.2178281231237,23.6223583650484,"0.04_0.05_0.09_0.09_0.11_0.05_0.04_0.07_0.06_0.08_0.1_0.13_0.17_0.13_0.15_0.16_0.26_0.16_0.34_0.12","Cas9",4,8238,"g1",0.655520239565,0.227853584578731,0.226987221139268,4,"Replicate1",0.692936043813237,0.0800767350474953
"69",27756,27131,625,0.0682777804247112,0.0454316183888168,0.0249675745784695,0.0266609021472835,0.0109165585819282,0.008070327136475,24.9733390978527,575,27045,136,23.9620253164557,24.9733390978527,"0.08_0.15_0.16_0.14_0.05_0.07_0.08_0.06_0.09_0.04_0.08_0.08_0.05_0.09_0.09_0.13_0.08_0.11_0.06_0.23","Cas9",0,8238,"g5",0.0199444745827616,0.977482346159389,0.974383916990921,0,"Replicate1",0.0207162415333622,0.00489984147571696
"70",3455,478,2977,0.335312008088189,1.95397973950796,1.76931982633864,1.5013024602026,1.30738060781476,0.0503617945007236,26.1085383502171,2654,476,325,25.4877475662974,26.1085383502171,"0.31_0.1_0.17_0.14_0.22_0.15_0.1_0.11_0.16_0.17_0.09_0.13_0.08_0.18_0.07_0.07_0.09_0.14_0.13_0.14","BE3",10,8238,"g9",0.744994994994995,0.1383502170767,0.137771345875543,10,"Replicate1",0.768162083936324,0.0940665701881331
"71",31991,19168,12823,0.152618278624816,0.177925041417899,0.614078959707418,0.0250382920196305,0,0.0084398737144822,24.7946922571973,11883,19022,1086,24.4935615698974,24.7946922571973,"0.04_0.06_0.08_0.02_0.05_0.06_0.05_0.05_0.06_0.06_0.09_0.13_0.1_0.09_0.16_0.08_0.2_0.12_0.32_0.06","Cas9",2,8238,"g2",0.346034487411285,0.599168516145166,0.594604732581038,2,"Replicate1",0.371448219811822,0.0339470476071395
"72",35966,25254,10712,0.176024773045535,0.579130289718067,0.559723071790024,0.372796530056164,0.270894733915365,0.0484624367458155,24.2574097758995,9265,25229,1472,22.512526776567,24.2574097758995,"0.11_0.14_0.14_0.16_0.09_0.08_0.07_0.1_0.16_0.08_0.1_0.14_0.16_0.2_0.12_0.31_0.25_0.29_0.1_0.39","BE3",8,8238,"g5",0.26884176182708,0.702163154089974,0.701468053161319,8,"Replicate1",0.257604404159484,0.040927542679197
"73",37384,6004,31380,0.296265607813963,0.481676653113632,1.7043387545474,0.0295046008987802,0,0.0171196233682859,23.8098384335545,28739,5747,2898,23.5936403578089,23.8098384335545,"0.03_0.05_0.07_0.03_0.06_0.06_0.06_0.05_0.04_0.05_0.14_0.13_0.11_0.14_0.19_0.07_0.21_0.18_0.36_0.06","Cas9",18,8238,"g2",0.733657532965491,0.160603466723732,0.153728867964905,18,"Replicate1",0.768751337470576,0.0775197945645196
"74",8453,462,7991,0.337396349726318,2.10268543712291,1.5309357624512,1.58322489057139,1.30841121495327,0.088844197326393,26.3396427303916,6802,461,1190,26.1285035035035,26.3396427303916,"0.28_0.16_0.1_0.16_0.2_0.18_0.14_0.19_0.16_0.2_0.07_0.13_0.09_0.23_0.11_0.13_0.12_0.1_0.05_0.21","BE3",18,8238,"g9",0.840980846137655,0.0546551520170354,0.0545368508221933,18,"Replicate1",0.804684727315746,0.140778421862061
"75",14010,1755,12255,0.497656068349105,0.646680942184154,3.66509635974304,0.289578872234118,0.267665952890792,0.031192005710207,20.8178443968594,11205,1753,1052,20.2197111854451,20.8178443968594,"0.04_0.11_0.05_0.04_0.05_0.05_0.04_0.03_0.09_0.04_0.03_0.11_0.21_0.23_0.2_0.25_0.27_0.31_0.29_0.07","Cas9",18,8238,"g3",0.766368582327559,0.125267665952891,0.125124910778016,18,"Replicate1",0.799785867237687,0.0750892219842969
"76",272,92,180,0.750260584358346,3.08455882352941,5,1.57352941176471,0.0772058823529412,0.393382352941176,24.2169117647059,37,92,143,21.2611111111111,24.2169117647059,"0.08_0.27_0.15_0.09_0.17_0.03_0.13_0.19_0.24_0.24_0.25_0.23_0.25_0.09_0.14_0.35_0.27_0.46_0.15_0.13","Cas9",18,8238,"g6",0.55045871559633,0.338235294117647,0.338235294117647,18,"Replicate1",0.136029411764706,0.525735294117647
"77",56606,19656,36950,0.288087146428318,0.641963749425856,1.61254990637035,0.338356357983253,0.239568243649083,0.0457725329470374,23.4607638766209,34023,19459,3124,22.6544539262928,23.4607638766209,"0.04_0.05_0.1_0.09_0.1_0.06_0.04_0.08_0.04_0.06_0.07_0.1_0.14_0.15_0.13_0.17_0.16_0.46_0.41_0.1","BE3",2,8238,"g4",0.569407631140973,0.347242341801222,0.343762145355616,2,"Replicate1",0.601049358725223,0.0551884959191605
"78",157373,27089,130284,0.464955892379781,0.614902175087213,3.51953638807165,0.179751291517605,0.0328582412484988,0.0657101281668393,21.2729248346286,99973,27046,30354,20.4984078510209,21.2729248346286,"0.04_0.04_0.07_0.08_0.09_0.04_0.04_0.05_0.04_0.05_0.06_0.1_0.19_0.18_0.18_0.21_0.32_0.18_0.44_0.09","Cas9",18,8238,"g1",0.729359338961417,0.172132449657819,0.171859213461013,18,"Replicate1",0.635261448914363,0.192879337624624
"79",113775,86595,27180,0.158873349402018,0.423054273785981,0.547237969676994,0.267343441001978,0.201485387826851,0.0284069435288947,24.2266842452208,22629,86319,4827,21.7954545454545,24.2266842452208,"0.13_0.19_0.17_0.16_0.1_0.09_0.09_0.11_0.16_0.09_0.11_0.14_0.13_0.21_0.15_0.28_0.26_0.4_0.13_0.51","Cas9",4,8238,"g5",0.21525643868597,0.761107448912327,0.758681608437706,4,"Replicate1",0.198892551087673,0.042425840474621
"80",79236,23629,55607,0.397514505791213,0.577969609773335,2.7262860316018,0.234666060881418,0.209551214094603,0.0262759351809783,21.9754152153062,50334,23608,5294,20.6918098799166,21.9754152153062,"0.06_0.14_0.09_0.08_0.08_0.09_0.09_0.08_0.16_0.06_0.07_0.09_0.19_0.27_0.19_0.26_0.24_0.3_0.35_0.07","BE3",8,8238,"g3",0.595899952848386,0.298210409409864,0.29794537836337,8,"Replicate1",0.63524155686809,0.0668130647685396
"81",30010,20444,9566,0.187036101085389,0.542785738087304,0.70973008997001,0.319193602132622,0.27407530823059,0.0274908363878707,23.9102965678107,8504,20379,1127,21.6045062817984,23.9102965678107,"0.06_0.12_0.09_0.08_0.05_0.05_0.04_0.06_0.09_0.06_0.06_0.1_0.13_0.17_0.14_0.26_0.17_0.37_0.1_0.49","BE3",4,8238,"g5",0.28471932853146,0.681239586804399,0.679073642119294,4,"Replicate1",0.283372209263579,0.0375541486171276
"82",486,323,163,0.358043279504151,0.930041152263374,2.9917695473251,0.42798353909465,0.0267489711934156,0.135802469135802,26.4279835390947,73,311,102,20.08,26.4279835390947,"0.08_0.25_0.04_0.1_0.21_0.03_0.09_0.17_0.15_0.09_0.07_0.14_0.23_0.1_0.16_0.28_0.21_0.27_0.14_0.12","BE3",4,8238,"g6",0.282006920415225,0.664609053497942,0.639917695473251,4,"Replicate1",0.150205761316872,0.209876543209877
"83",623,19,604,0.86713485966112,5.73836276083467,3.41412520064205,3.9438202247191,1.6099518459069,0.5553772070626,25.3178170144462,272,19,332,25.1705298013245,25.3178170144462,"0.51_0.3_0.26_0.33_0.28_0.4_0.26_0.27_0.34_0.25_0.21_0.2_0.09_0.42_0.17_0.3_0.31_0.32_0.29_0.38","BE3",25,8467,"g9",0.733900364520049,0.0304975922953451,0.0304975922953451,25,"Replicate2",0.436597110754414,0.532905296950241
"84",2309,1384,925,0.453746131581923,1.70376786487657,2.2555218709398,1.22780424426159,0.119099177132958,0.255954958856648,24.8172368990905,39,1380,890,24.545748116254,24.8172368990905,"0.07_0.37_0.43_0.37_0.35_0.34_0.19_0.57_0.24_0.24_0.3_0.24_0.51_0.44_0.12_0.51_0.18_0.23_0.4_0.08","BE3",32,8467,"g4",0.307206908003985,0.599393676916414,0.597661325249026,32,"Replicate2",0.0168904287570377,0.385448245993937
"85",12797,11002,1795,0.105810916803248,0.190904118152692,0.240212549816363,0.126045166835977,0.108697350941627,0.00961162772524811,24.623349222474,1621,10983,193,22.3428886438809,24.623349222474,"0.04_0.1_0.04_0.03_0.02_0.03_0.03_0.03_0.05_0.03_0.05_0.05_0.08_0.12_0.1_0.26_0.15_0.43_0.13_0.48","Cas9",2,8467,"g5",0.120292186034044,0.859732749863249,0.8582480268813,2,"Replicate2",0.126670313354693,0.0150816597640072
"86",8398,6805,1593,0.122816863115099,0.252798285306025,0.343415098833055,0.163372231483687,0.142295784710645,0.01417004048583,24.4996427720886,1417,6788,193,22.3900621118012,24.4996427720886,"0.04_0.08_0.03_0.03_0.03_0.02_0.01_0.03_0.06_0.02_0.03_0.04_0.11_0.12_0.1_0.28_0.19_0.44_0.12_0.49","BE3",2,8467,"g5",0.159507359567438,0.810311979042629,0.808287687544654,2,"Replicate2",0.168730650154799,0.0229816623005477
"87",12829,12130,699,0.0785214982992767,0.0697638163535739,0.099072414061891,0.0146542988541585,0,0.00420921350066256,24.9367838490919,570,12101,158,23.8818681318681,24.9367838490919,"0.08_0.1_0.1_0.05_0.07_0.11_0.08_0.08_0.05_0.06_0.08_0.09_0.08_0.06_0.15_0.09_0.14_0.13_0.22_0.07","BE3",0,8467,"g2",0.0441399343268502,0.945514069685868,0.943253566139216,0,"Replicate2",0.0444305869514381,0.012315846909346
"88",512,93,419,0.528736619381781,0.6640625,4.212890625,0.21875,0.025390625,0.080078125,20.34765625,315,93,104,19.3150357995227,20.34765625,"0_0.01_0.04_0.02_0.02_0.02_0.01_0.06_0.05_0.04_0.07_0.09_0.16_0.12_0.1_0.17_0.24_0.15_0.55_0.05","Cas9",32,8467,"g1",0.686885245901639,0.181640625,0.181640625,32,"Replicate2",0.615234375,0.203125
"89",6513,6295,218,0.070871985742727,0.0475971134653769,0.0411484722861968,0.0259481037924152,0.018885306310456,0.00506678949792722,24.9606939966221,212,6279,22,23.9017094017094,24.9606939966221,"0.1_0.07_0.04_0.06_0.03_0.03_0.04_0.06_0.04_0.03_0.01_0.04_0.06_0.1_0.1_0.15_0.06_0.15_0.15_0.25","BE3",25,8467,"g5",0.0290125099813681,0.966528481498541,0.964071856287425,25,"Replicate2",0.03255028404729,0.00337785966528482
"90",226,103,123,0.410308250586848,0.68141592920354,3.8141592920354,0.225663716814159,0.0221238938053097,0.0530973451327434,25.0619469026549,85,100,41,21.1428571428571,25.0619469026549,"0_0.04_0.02_0.04_0.04_0_0.04_0.05_0_0_0_0.02_0.14_0.1_0.1_0.08_0.03_0.12_0_0.04","Cas9",25,8467,"g6",0.448905109489051,0.455752212389381,0.442477876106195,25,"Replicate2",0.376106194690265,0.18141592920354
"91",5893,771,5122,0.60480980544612,1.26726624809096,4.44815883251315,0.731376209061599,0.444086203970813,0.0726285423383676,19.6477176310877,4023,769,1101,18.8444574551132,19.6477176310877,"0.02_0.06_0.05_0.09_0.05_0.03_0.05_0.08_0.08_0.07_0.12_0.12_0.19_0.15_0.12_0.2_0.21_0.57_0.53_0.12","Cas9",25,8467,"g4",0.743288347119431,0.13083319192262,0.130493806210759,25,"Replicate2",0.682674359409469,0.186831834379773
"92",482,69,413,1,5.61825726141079,4.72406639004149,2.89834024896266,0.157676348547718,1.02489626556017,24.6161825726141,55,67,360,23.7518072289157,24.6161825726141,"0.11_0.47_0.17_0.21_0.38_0.04_0.22_0.22_0.31_0.27_0.22_0.15_0.32_0.18_0.13_0.38_0.2_0.4_0.19_0.12","BE3",32,8467,"g6",0.623867069486405,0.143153526970954,0.139004149377593,32,"Replicate2",0.114107883817427,0.746887966804979
"93",6463,4651,1812,0.212782022613039,0.788024137397493,0.767909639486307,0.531332198669349,0.0146990561658672,0.0933003249265047,24.1468358347517,1406,4640,417,21.9753154141525,24.1468358347517,"0.07_0.16_0.22_0.21_0.24_0.13_0.13_0.23_0.12_0.1_0.29_0.22_0.33_0.18_0.11_0.21_0.26_0.08_0.31_0.14","BE3",2,8467,"g1",0.224340720564566,0.719634844499458,0.717932848522358,2,"Replicate2",0.217546031254835,0.0645211202228067
"94",6500,1866,4634,0.509234843781835,0.561076923076923,3.94692307692308,0.236923076923077,0.211384615384615,0.0230769230769231,20.2667692307692,4261,1866,373,18.360811394044,20.2667692307692,"0.03_0.1_0.05_0.05_0.05_0.07_0.07_0.04_0.13_0.03_0.04_0.11_0.23_0.31_0.18_0.33_0.23_0.32_0.27_0.06","Cas9",32,8467,"g3",0.597164948453608,0.287076923076923,0.287076923076923,32,"Replicate2",0.655538461538462,0.0573846153846154
"95",1957,93,1864,0.465177271494602,3.0056208482371,1.95145631067961,2.15891670924885,1.4368932038835,0.233520694941237,26.0996423096576,1419,92,446,25.9072386058981,26.0996423096576,"0.28_0.13_0.14_0.17_0.13_0.19_0.11_0.11_0.17_0.14_0.1_0.1_0.07_0.21_0.11_0.21_0.16_0.23_0.15_0.22","BE3",32,8467,"g9",0.789161727349704,0.0475217169136433,0.0470107307102708,32,"Replicate2",0.72508942258559,0.227899846704139
"96",10643,1978,8665,0.334178203237845,0.815559522690971,1.88010899182561,0.43756459644837,0.320774217795734,0.0368317203795922,23.1434745842338,7967,1973,703,22.7209919261822,23.1434745842338,"0.02_0.05_0.07_0.06_0.06_0.04_0.05_0.08_0.06_0.05_0.1_0.08_0.11_0.11_0.13_0.24_0.19_0.54_0.46_0.1","BE3",2,8467,"g4",0.683845000394602,0.185849854364371,0.18538006201259,2,"Replicate2",0.748567133327069,0.0660528046603401
"97",3634,1352,2282,0.512064705932015,0.974133186571271,3.8062740781508,0.586406164006604,0.301871216290589,0.0751238304898184,20.47275729224,1750,1350,534,17.7968476357268,20.47275729224,"0.03_0.06_0.12_0.08_0.08_0.07_0.07_0.17_0.09_0.09_0.16_0.1_0.23_0.13_0.14_0.2_0.24_0.57_0.48_0.11","Cas9",2,8467,"g4",0.530821121190975,0.372041827187672,0.371491469455146,2,"Replicate2",0.481563015960374,0.14694551458448
"98",1219,641,578,0.156995524943735,0.127153404429861,0.666119770303528,0.0131255127153404,0,0.00656275635767022,24.9573420836751,565,636,18,24.9108061749571,24.9573420836751,"0_0.02_0.01_0.01_0.04_0.01_0.01_0_0.01_0.04_0.03_0.05_0.05_0.07_0.17_0.03_0.16_0.03_0.4_0.06","Cas9",2,8467,"g2",0.407329105003524,0.525840853158327,0.521739130434783,2,"Replicate2",0.463494667760459,0.014766201804758
"99",12044,2933,9111,0.471241222689896,0.554882098970442,3.52150448356028,0.245516439721023,0.228827632015942,0.0232480903354367,20.9107439388907,8268,2928,848,19.5973014480035,20.9107439388907,"0.03_0.06_0.01_0.03_0.04_0.07_0.05_0.02_0.07_0.03_0.04_0.08_0.16_0.25_0.17_0.4_0.23_0.28_0.3_0.03","Cas9",25,8467,"g3",0.631699369063302,0.2435237462637,0.243108601793424,25,"Replicate2",0.686482896047825,0.0704085021587512
"100",5783,2578,3205,0.330438901947692,0.988587238457548,1.74355870655369,0.628912329240878,0.539858205083867,0.0581013314888466,22.4155282725229,2656,2569,558,20.3497199751089,22.4155282725229,"0.05_0.12_0.05_0.05_0.03_0.02_0.03_0.06_0.05_0.02_0.03_0.03_0.07_0.12_0.15_0.29_0.25_0.52_0.15_0.52","Cas9",32,8467,"g5",0.476863561969945,0.445789382673353,0.444233097008473,32,"Replicate2",0.459277191768978,0.0964897112225488
"101",472,55,417,0.255191175527134,1.72881355932203,1.05932203389831,1.33898305084746,1.24152542372881,0.0360169491525424,26.9237288135593,371,52,49,26.5428571428571,26.9237288135593,"0.08_0.02_0.08_0.08_0.05_0.05_0.02_0.04_0.07_0.04_0_0.06_0.02_0.09_0.02_0.07_0.02_0.15_0.12_0.07","Cas9",25,8467,"g9",0.758181818181818,0.116525423728814,0.110169491525424,25,"Replicate2",0.786016949152542,0.103813559322034
"102",5328,3288,2040,0.214926981394171,0.230292792792793,1.24380630630631,0.121433933933934,0.111298798798799,0.0112612612612613,23.7070195195195,1915,3279,134,21.6378721327477,23.7070195195195,"0.02_0.04_0.01_0.01_0.03_0.03_0.01_0.02_0.05_0.02_0.02_0.06_0.12_0.18_0.15_0.25_0.24_0.22_0.25_0.05","Cas9",2,8467,"g3",0.302760463045414,0.617117117117117,0.615427927927928,2,"Replicate2",0.359421921921922,0.0251501501501501
"103",719,578,141,0.185858240407015,0.593880389429764,0.592489568845619,0.136300417246175,0,0.0139082058414465,24.8859527121001,59,578,82,24.4184397163121,24.8859527121001,"0.05_0.21_0.11_0.06_0.13_0.19_0.13_0.18_0.14_0.16_0.21_0.25_0.22_0.12_0.25_0.31_0.29_0.1_0.23_0.16","BE3",32,8467,"g2",0.160958904109589,0.803894297635605,0.803894297635605,32,"Replicate2",0.0820584144645341,0.114047287899861
"104",18689,11706,6983,0.209101011896636,0.221681202846594,1.19460645299374,0.118786451923591,0.109529669859276,0.00984536358285623,23.7644068703515,6610,11691,388,21.7000571591883,23.7644068703515,"0.01_0.05_0.02_0.01_0.04_0.04_0.03_0.01_0.06_0.03_0.02_0.09_0.16_0.2_0.18_0.29_0.24_0.23_0.25_0.05","BE3",2,8467,"g3",0.305990096840629,0.626357750548451,0.625555139386805,2,"Replicate2",0.353683985231955,0.0207608753812403
"105",3697,1145,2552,0.564302222406312,0.802542602109819,4.28969434676765,0.207465512577766,0.146605355693806,0.0630240735731674,19.8260751961049,2198,1142,357,17.5127201565558,19.8260751961049,"0.05_0.15_0.09_0.09_0.14_0.13_0.12_0.09_0.14_0.07_0.08_0.12_0.16_0.26_0.15_0.3_0.22_0.26_0.25_0.05","BE3",32,8467,"g3",0.57737556561086,0.309710576142818,0.308899107384366,32,"Replicate2",0.594536110359751,0.0965647822558831
"106",14995,6975,8020,0.314000239213645,0.906102034011337,1.65868622874291,0.558586195398466,0.497099033011004,0.0485495165055018,22.5153717905969,6803,6944,1248,20.3723761023475,22.5153717905969,"0.05_0.1_0.05_0.03_0.01_0.01_0.03_0.03_0.03_0.02_0.02_0.04_0.06_0.15_0.13_0.29_0.23_0.51_0.16_0.51","Cas9",25,8467,"g5",0.453389111877438,0.465155051683895,0.463087695898633,25,"Replicate2",0.453684561520507,0.0832277425808603
"107",1642,268,1374,0.367784923793803,0.564555420219245,1.95188794153471,0.0493300852618758,0,0.0152253349573691,22.8440925700365,1166,263,213,22.4329224075417,22.8440925700365,"0.03_0.06_0.04_0.03_0.02_0.07_0.06_0.01_0.04_0.06_0.09_0.17_0.08_0.09_0.15_0.12_0.22_0.16_0.48_0.1","Cas9",25,8467,"g2",0.707153885743695,0.163215590742996,0.160170523751523,25,"Replicate2",0.710109622411693,0.129719853836784
"108",1232,1161,71,0.100246842793864,0.142857142857143,0.234577922077922,0.0933441558441558,0.0137987012987013,0.00811688311688312,24.9472402597403,31,1158,43,24.1216216216216,24.9472402597403,"0.06_0.1_0.1_0.09_0.19_0.06_0.03_0.19_0.06_0.12_0.06_0.03_0.19_0.13_0.06_0.2_0.13_0.22_0.19_0.09","BE3",25,8467,"g4",0.047972972972973,0.94237012987013,0.939935064935065,25,"Replicate2",0.0251623376623377,0.0349025974025974
"109",10801,6108,4693,0.330052518535903,0.391074900472179,2.29543560781409,0.117396537357652,0.104527358577909,0.0291639662994167,22.200999907416,4288,6091,422,18.5811040339703,22.200999907416,"0.03_0.09_0.06_0.05_0.07_0.07_0.07_0.05_0.13_0.03_0.04_0.09_0.14_0.23_0.18_0.26_0.13_0.22_0.23_0.05","BE3",25,8467,"g3",0.360777982779828,0.56550319414869,0.563929265808721,25,"Replicate2",0.39700027775206,0.0390704564392186
"110",8331,611,7720,0.553633786857445,0.763533789461049,4.32325051014284,0.247869403432961,0.0380506541831713,0.0818629216180531,20.1607250030008,5875,611,1845,19.7777202072539,20.1607250030008,"0.01_0.01_0.05_0.06_0.05_0.03_0.02_0.06_0.07_0.06_0.1_0.11_0.13_0.15_0.18_0.19_0.3_0.2_0.45_0.09","Cas9",25,8467,"g1",0.795056642636457,0.073340535349898,0.073340535349898,25,"Replicate2",0.70519745528748,0.221462009362622
"111",10134,3378,6756,0.270135656402772,0.256956779159266,1.72182751134794,0.0812117623840537,0.0170712453128084,0.0270376948884942,23.8144858890862,6171,3367,596,23.2246194768731,23.8144858890862,"0_0.01_0.04_0.04_0.04_0.02_0.02_0.04_0.06_0.05_0.08_0.08_0.13_0.14_0.18_0.26_0.34_0.18_0.37_0.13","Cas9",2,8467,"g1",0.548065222681918,0.333333333333333,0.332247878429051,2,"Replicate2",0.608940201302546,0.0588119202684034
"112",4133,1054,3079,0.319284854505436,0.473989837890152,1.62400193563997,0.0396806194047907,0,0.00992015485119768,23.3697072344544,2668,1051,414,22.8137573004542,23.3697072344544,"0.02_0.06_0.04_0.05_0.07_0.08_0.09_0.06_0.06_0.07_0.08_0.15_0.06_0.06_0.18_0.1_0.22_0.21_0.44_0.1","Cas9",32,8467,"g2",0.631330736108263,0.255020566174691,0.25429470118558,32,"Replicate2",0.645535930316961,0.100169368497459
"113",4476,1472,3004,0.263694766176893,0.292001787310098,1.60701519213584,0.115951742627346,0.0201072386058981,0.0399910634495085,24.0241286863271,2740,1466,270,23.5485049833887,24.0241286863271,"0.02_0.04_0.06_0.05_0.04_0.03_0.03_0.07_0.05_0.06_0.1_0.09_0.14_0.13_0.13_0.22_0.26_0.12_0.36_0.08","BE3",25,8467,"g1",0.552104392574894,0.328865058087578,0.327524575513852,25,"Replicate2",0.612153708668454,0.0603217158176944
"114",11163,1728,9435,0.327632904646198,0.789931022126668,1.81671593657619,0.413598495028218,0.324375167965601,0.0300098539819045,23.2300456866434,8750,1715,698,22.9087637595258,23.2300456866434,"0.01_0.03_0.04_0.04_0.04_0.02_0.03_0.05_0.06_0.04_0.09_0.09_0.13_0.14_0.14_0.25_0.23_0.5_0.4_0.12","Cas9",4,8467,"g4",0.69672131147541,0.154797097554421,0.153632536056616,4,"Replicate2",0.78383946967661,0.0625279942667742
"115",6072,5088,984,0.133915153001706,0.422266139657444,0.305171277997365,0.280467720685112,0.148880105401845,0.0494071146245059,24.7931488801054,762,5074,236,23.7414829659319,24.7931488801054,"0.21_0.26_0.25_0.28_0.21_0.16_0.13_0.17_0.29_0.14_0.16_0.16_0.16_0.17_0.21_0.19_0.25_0.26_0.13_0.47","BE3",32,8467,"g5",0.135425268373245,0.837944664031621,0.835638998682477,32,"Replicate2",0.125494071146245,0.038866930171278
"116",25172,2416,22756,0.493693976456869,0.789845860479898,3.63054187192118,0.287819799777531,0.0461624026696329,0.110877165104084,21.2941363419673,18469,2410,4293,20.9017221685265,21.2941363419673,"0.05_0.07_0.08_0.08_0.09_0.06_0.07_0.08_0.08_0.07_0.13_0.12_0.17_0.16_0.16_0.24_0.3_0.2_0.45_0.1","Cas9",18,8468,"g1",0.807007589190723,0.0959796599396154,0.0957412998569839,18,"Replicate2",0.733712061020181,0.170546639122835
"117",300,200,100,0.293836222962364,1.46333333333333,1.61666666666667,0.76,0.0466666666666667,0.253333333333333,28.0333333333333,61,187,52,24.7787610619469,28.0333333333333,"0.06_0.18_0.12_0.12_0.16_0.02_0.11_0.08_0.21_0.21_0.19_0.11_0.24_0.12_0.1_0.32_0.22_0.26_0.17_0.16","Cas9",4,8468,"g6",0.294117647058824,0.666666666666667,0.623333333333333,4,"Replicate2",0.203333333333333,0.173333333333333
"118",13437,8095,5342,0.204034409436633,0.682964947532931,0.733497060355734,0.432834710128749,0.388479571332887,0.0205402991739227,23.7877502418695,4908,8076,453,21.9613878007834,23.7877502418695,"0.08_0.1_0.1_0.09_0.06_0.08_0.04_0.07_0.08_0.06_0.06_0.07_0.09_0.15_0.1_0.25_0.14_0.4_0.08_0.44","BE3",10,8468,"g5",0.367729056240105,0.602441021061249,0.601027014958696,10,"Replicate2",0.365260102701496,0.033712882339808
"119",19141,13044,6097,0.180513947428402,0.517632307611932,0.666840812914686,0.325740556919701,0.29251345279766,0.0367274437072253,23.9498458805705,5552,13015,574,21.7187397975841,23.9498458805705,"0.03_0.08_0.02_0.02_0.02_0.01_0.02_0.02_0.04_0.03_0.03_0.04_0.12_0.14_0.15_0.32_0.24_0.46_0.15_0.46","Cas9",10,8468,"g5",0.289836470811941,0.681469097748289,0.679954025390523,10,"Replicate2",0.29005799070059,0.0299879839088867
"120",22861,12122,10739,0.255601983644876,0.501421635099077,1.38095446393421,0.281746205327851,0.0330694195354534,0.0975460391059009,24.1009142207253,8403,12088,2370,23.0920820569943,24.1009142207253,"0.05_0.1_0.13_0.11_0.14_0.1_0.09_0.14_0.08_0.1_0.2_0.15_0.2_0.16_0.15_0.22_0.26_0.13_0.34_0.13","BE3",4,8468,"g1",0.411203859702864,0.530248020646516,0.528760771619789,4,"Replicate2",0.36756922269367,0.10367000568654
"121",17298,5122,12176,0.409526813746813,0.507457509538675,2.92022199098162,0.237657532662736,0.223840906463175,0.0226037692218754,21.7507804370447,11225,5111,962,20.3879543776155,21.7507804370447,"0.03_0.05_0.03_0.03_0.03_0.04_0.04_0.02_0.06_0.03_0.04_0.1_0.18_0.21_0.16_0.34_0.23_0.3_0.27_0.07","Cas9",18,8468,"g3",0.617694805194805,0.296103595791421,0.295467684125332,18,"Replicate2",0.648918950167649,0.0556133657070182
"122",1154,163,991,0.567638622239019,3.81975736568458,2.21923743500867,2.62391681109185,1.40901213171577,0.311958405545927,26.2045060658579,634,163,357,25.5802219979818,26.2045060658579,"0.32_0.16_0.13_0.21_0.2_0.21_0.18_0.21_0.23_0.22_0.15_0.12_0.1_0.19_0.17_0.19_0.23_0.15_0.17_0.27","Cas9",4,8468,"g9",0.740657698056801,0.141247833622184,0.141247833622184,4,"Replicate2",0.549393414211439,0.309358752166378
"123",13368,6713,6655,0.283064417837506,0.832360861759425,1.40252842609216,0.502842609216038,0.453545780969479,0.0476511071214841,22.8904847396768,5750,6703,915,20.7689422355589,22.8904847396768,"0.03_0.1_0.03_0.01_0.01_0.02_0.02_0.03_0.02_0.01_0.02_0.04_0.1_0.16_0.12_0.29_0.22_0.45_0.15_0.45","Cas9",18,8468,"g5",0.4643779219873,0.502169359664871,0.501421304608019,18,"Replicate2",0.430131657690006,0.0684470377019749
"124",2424,1035,1389,0.202081501860971,0.257013201320132,0.972359735973597,0.0404290429042904,0,0.0127887788778878,24.59199669967,1293,1019,112,24.2960854092527,24.59199669967,"0.02_0.05_0.04_0.04_0.02_0.05_0.03_0.03_0.04_0.03_0.04_0.1_0.06_0.11_0.21_0.04_0.22_0.11_0.45_0.06","BE3",4,8468,"g2",0.521200750469043,0.426980198019802,0.420379537953795,4,"Replicate2",0.533415841584158,0.0462046204620462
"125",2283,429,1854,0.852313217397335,3.62242663162505,4.41480508103373,2.53876478318003,0.273762593079282,0.434077967586509,24.3823915900131,140,429,1714,24.2394822006472,24.3823915900131,"0.1_0.41_0.42_0.36_0.31_0.38_0.28_0.56_0.29_0.28_0.45_0.34_0.66_0.48_0.17_0.57_0.27_0.35_0.5_0.07","BE3",18,8468,"g4",0.666906474820144,0.187910643889619,0.187910643889619,18,"Replicate2",0.0613228208497591,0.750766535260622
"126",15283,7375,7908,0.285406358477395,0.456454884512203,1.71975397500491,0.202512595694563,0.183340967087614,0.0227049663024275,23.2027088922332,7247,7358,678,21.533880126183,23.2027088922332,"0.06_0.08_0.03_0.09_0.1_0.04_0.08_0.07_0.07_0.07_0.06_0.12_0.17_0.22_0.23_0.34_0.33_0.31_0.32_0.07","BE3",4,8468,"g3",0.448961053707278,0.482562324151017,0.481449977098737,4,"Replicate2",0.474187005169142,0.0443630177321207
"127",5112,898,4214,0.540186740194012,1.12069640062598,3.87989045383412,0.647104851330203,0.395148669796557,0.0629890453834116,20.3378325508607,3482,895,735,19.34835190894,20.3378325508607,"0.03_0.03_0.05_0.06_0.05_0.01_0.03_0.05_0.1_0.06_0.13_0.08_0.15_0.13_0.1_0.18_0.18_0.55_0.5_0.09","Cas9",18,8468,"g4",0.751694612914734,0.17566510172144,0.175078247261346,18,"Replicate2",0.681142410015649,0.143779342723005
"128",12339,853,11486,0.395627874188638,1.0583515681984,2.28308614960694,0.558067914741875,0.424183483264446,0.0531647621363157,22.5245157630278,10426,844,1069,22.3424967377121,22.5245157630278,"0.03_0.04_0.04_0.04_0.05_0.03_0.03_0.05_0.06_0.06_0.11_0.1_0.12_0.14_0.15_0.25_0.24_0.55_0.44_0.12","Cas9",32,8468,"g4",0.839374451914645,0.0691303995461545,0.0684010049436745,32,"Replicate2",0.844963125050652,0.0866358700056731
"129",11634,4209,7425,0.345251042899416,0.436135465016331,2.30746089049338,0.227866597902699,0.21841155234657,0.0154718927282104,22.5351555784769,6927,4206,501,21.1394722670975,22.5351555784769,"0.05_0.08_0.03_0.04_0.06_0.05_0.05_0.04_0.06_0.06_0.05_0.07_0.14_0.19_0.18_0.32_0.22_0.28_0.28_0.07","BE3",10,8468,"g3",0.560800604229607,0.36178442496132,0.361526560082517,10,"Replicate2",0.595410005157298,0.0430634347601857
"130",1835,290,1545,0.283458180053443,1.87574931880109,1.2125340599455,1.42561307901907,1.21634877384196,0.064850136239782,26.958038147139,1343,288,204,26.3917259211377,26.958038147139,"0.24_0.1_0.12_0.11_0.08_0.12_0.08_0.12_0.12_0.11_0.07_0.12_0.09_0.14_0.1_0.09_0.15_0.14_0.14_0.15","Cas9",8,8468,"g9",0.75476306790425,0.158038147138965,0.156948228882834,8,"Replicate2",0.731880108991826,0.111171662125341
"131",25168,10603,14565,0.18314163564693,0.206214240305149,0.826605212968849,0.0278130959949142,0,0.0141052129688493,24.8623251748252,13957,10561,650,24.7627849661121,24.8623251748252,"0.06_0.08_0.08_0.03_0.06_0.09_0.07_0.05_0.05_0.06_0.09_0.11_0.1_0.11_0.17_0.1_0.19_0.17_0.3_0.09","BE3",10,8468,"g2",0.525926193399292,0.421288938334393,0.419620152574698,10,"Replicate2",0.55455340114431,0.0258264462809917
"132",8889,1594,7295,0.332787563860422,0.383395207559906,2.21689728878389,0.122735965800427,0.0227247159410507,0.0451119361007987,23.3698953763078,6535,1586,768,23.0156100232781,23.3698953763078,"0.01_0.01_0.04_0.02_0.04_0.02_0.02_0.05_0.05_0.04_0.1_0.07_0.15_0.15_0.19_0.21_0.32_0.18_0.42_0.14","Cas9",4,8468,"g1",0.739033532570155,0.179322758465519,0.178422769715379,4,"Replicate2",0.735178310271122,0.0863989200134998
"133",29984,10468,19516,0.210505352521616,0.245764407684098,1.04535752401281,0.0298492529348986,0,0.0174092849519744,24.5723719316969,18499,10333,1152,24.3473614574322,24.5723719316969,"0.03_0.03_0.04_0.02_0.03_0.05_0.05_0.05_0.03_0.05_0.07_0.1_0.07_0.12_0.19_0.14_0.27_0.16_0.43_0.11","Cas9",4,8468,"g2",0.597130006425359,0.349119530416222,0.344617129135539,4,"Replicate2",0.616962379935966,0.0384204909284952
"134",15920,5970,9950,0.345909725511504,0.460427135678392,2.31111809045226,0.201005025125628,0.184673366834171,0.0199120603015075,22.4833542713568,9122,5963,835,20.9761976498945,22.4833542713568,"0.04_0.07_0.02_0.02_0.04_0.06_0.05_0.02_0.05_0.04_0.03_0.1_0.14_0.17_0.16_0.32_0.22_0.29_0.3_0.06","Cas9",10,8468,"g3",0.566564172645485,0.375,0.374560301507538,10,"Replicate2",0.572989949748744,0.0524497487437186
"135",23360,4121,19239,0.407260361141772,0.596018835616438,2.84541952054795,0.236001712328767,0.0357020547945206,0.0857876712328767,22.4298801369863,16119,4079,3162,21.8861573569836,22.4298801369863,"0.04_0.08_0.08_0.07_0.09_0.07_0.07_0.09_0.07_0.08_0.14_0.11_0.17_0.12_0.15_0.25_0.29_0.18_0.4_0.12","Cas9",10,8468,"g1",0.731743496120493,0.176412671232877,0.174614726027397,10,"Replicate2",0.690025684931507,0.135359589041096
"136",21734,5343,16391,0.238176118804027,0.270405815772522,1.2914787889942,0.0189104628692371,0,0.0113186712064047,24.4193429649397,15284,5255,1195,24.2341768311184,24.4193429649397,"0.03_0.04_0.03_0.02_0.03_0.04_0.03_0.02_0.03_0.03_0.06_0.07_0.05_0.09_0.12_0.08_0.21_0.19_0.39_0.08","Cas9",10,8468,"g2",0.685271123374723,0.245836017300083,0.241787061746572,10,"Replicate2",0.703229962271096,0.0549829759823318
"137",17855,11348,6507,0.271800532755198,1.2741528983478,0.889778773452814,0.860095211425371,0.466647997759731,0.142369084290115,23.9869504340521,4165,11329,2361,22.22770456635,23.9869504340521,"0.17_0.22_0.21_0.2_0.16_0.11_0.1_0.14_0.22_0.13_0.14_0.12_0.19_0.15_0.22_0.33_0.32_0.43_0.14_0.53","BE3",4,8468,"g5",0.322447968285431,0.635564267712125,0.634500140016802,4,"Replicate2",0.233267992159059,0.132231867824139
"138",11686,3019,8667,0.383829830636556,0.977494437788807,2.27742597980489,0.57333561526613,0.312681841519767,0.0971247646756803,22.9293171316105,7633,3012,1041,22.2103988932442,22.9293171316105,"0.06_0.1_0.12_0.11_0.1_0.09_0.09_0.18_0.12_0.1_0.18_0.13_0.19_0.13_0.12_0.3_0.21_0.44_0.35_0.09","BE3",10,8468,"g4",0.666897506925208,0.258343316789321,0.257744309430087,10,"Replicate2",0.653174739003936,0.0890809515659764
"139",5594,902,4692,0.379208534383719,1.03289238469789,2.15427243475152,0.579013228459063,0.342688594923132,0.0652484805148373,22.9805148373257,4173,901,520,22.5927977839335,22.9805148373257,"0.04_0.06_0.07_0.08_0.07_0.06_0.05_0.13_0.07_0.08_0.14_0.12_0.17_0.17_0.15_0.3_0.25_0.54_0.48_0.12","BE3",4,8468,"g4",0.759223300970874,0.16124419020379,0.161065427243475,4,"Replicate2",0.745977833392921,0.0929567393636039
"140",12921,1974,10947,0.394943023022202,0.9895518922684,2.38015633464902,0.527281170188066,0.363439362278461,0.0690349044191626,22.4478755514279,9950,1967,1004,21.9895928427972,22.4478755514279,"0.04_0.04_0.06_0.06_0.06_0.04_0.04_0.06_0.05_0.06_0.12_0.09_0.11_0.12_0.11_0.22_0.19_0.54_0.46_0.12","Cas9",10,8468,"g4",0.751751133086115,0.152774553053169,0.152232799318938,10,"Replicate2",0.770064236514202,0.0777029641668602
"141",21069,9752,11317,0.284879473837699,0.378470739000427,1.77711329441359,0.18695714082301,0.171816412739095,0.0157102852532156,23.1269163225592,10541,9729,799,21.5196649029982,23.1269163225592,"0.02_0.05_0.03_0.03_0.03_0.04_0.04_0.03_0.05_0.04_0.04_0.11_0.19_0.2_0.2_0.36_0.32_0.25_0.3_0.06","Cas9",4,8468,"g3",0.477087812486826,0.462860126251839,0.461768475010679,4,"Replicate2",0.500308510133371,0.0379230148559495
"142",410,182,228,0.242535986865989,1.28292682926829,1.33170731707317,0.917073170731707,0.717073170731707,0.0560975609756098,27.7878048780488,206,181,23,26.0393013100437,27.7878048780488,"0.2_0.05_0.12_0.03_0.05_0.08_0.05_0.1_0.06_0.12_0.02_0.11_0.09_0.1_0.07_0.12_0.09_0.16_0.17_0.12","Cas9",4,8468,"g9",0.517006802721088,0.44390243902439,0.441463414634146,4,"Replicate2",0.502439024390244,0.0560975609756098
"143",11842,3617,8225,0.253883761705751,0.668383718966391,1.08731633170073,0.143303496031076,0,0.0306536058098294,24.74691775038,6959,3608,1275,24.6360213747875,24.74691775038,"0.07_0.19_0.19_0.09_0.17_0.18_0.15_0.15_0.09_0.1_0.12_0.16_0.15_0.12_0.18_0.16_0.17_0.24_0.22_0.13","BE3",18,8468,"g2",0.624905029630755,0.305438270562405,0.304678263806789,18,"Replicate2",0.587654112481,0.107667623712211
"144",459,275,184,0.283175836794885,0.525054466230937,2.5599128540305,0.202614379084967,0.0196078431372549,0.0544662309368192,26.6492374727669,131,266,62,22.0310880829016,26.6492374727669,"0.01_0.09_0.01_0.04_0.05_0_0.07_0.06_0.06_0.08_0.07_0.08_0.09_0.05_0.06_0.1_0.06_0.11_0.13_0.23","Cas9",18,8468,"g6",0.347826086956522,0.599128540305011,0.579520697167756,18,"Replicate2",0.285403050108932,0.135076252723312
"145",2121,688,1433,0.322720295107383,0.983498349834984,1.6034889203206,0.540782649693541,0.033003300330033,0.113154172560113,23.983026874116,1234,686,201,23.4968641114983,23.983026874116,"0.07_0.22_0.14_0.16_0.17_0.13_0.15_0.14_0.1_0.13_0.24_0.21_0.29_0.28_0.11_0.28_0.4_0.09_0.36_0.13","BE3",10,8468,"g1",0.615021459227468,0.324375294672324,0.323432343234323,10,"Replicate2",0.581801037246582,0.0947666195190948
"146",1492,126,1366,0.272296542185218,1.87734584450402,1.05630026809651,1.45040214477212,1.30898123324397,0.0449061662198391,26.902144772118,1251,125,116,26.6188734455011,26.902144772118,"0.16_0.1_0.02_0.08_0.11_0.1_0.1_0.07_0.07_0.09_0.05_0.08_0.07_0.14_0.08_0.18_0.14_0.12_0.16_0.16","Cas9",18,8468,"g9",0.851620947630923,0.0844504021447721,0.0837801608579088,18,"Replicate2",0.838471849865952,0.0777479892761394
"147",1107,187,920,0.292624921103801,1.93947606142728,1.2710027100271,1.4706413730804,1.21409214092141,0.0776874435411021,26.9575429087624,812,186,109,26.343105320304,26.9575429087624,"0.23_0.1_0.11_0.08_0.07_0.09_0.06_0.06_0.07_0.1_0.09_0.12_0.07_0.13_0.12_0.09_0.1_0.15_0.16_0.14","Cas9",10,8468,"g9",0.758450123660346,0.168925022583559,0.168021680216802,10,"Replicate2",0.733514001806685,0.0984643179765131
"148",36198,6811,29387,0.289497261469868,0.410188408199348,1.57878888336372,0.0268799381181281,0,0.0113542184651086,23.7664235593127,26034,6756,3408,23.4833231438082,23.7664235593127,"0.05_0.04_0.04_0.02_0.04_0.05_0.05_0.03_0.04_0.05_0.06_0.11_0.06_0.1_0.16_0.09_0.21_0.23_0.37_0.1","Cas9",18,8468,"g2",0.75177794832438,0.188159566826897,0.186640145864412,18,"Replicate2",0.719211006132936,0.0941488480026521
"149",390,88,302,0.280756655599844,1.7,1.3025641025641,1.23076923076923,0.979487179487179,0.0538461538461538,27.1897435897436,264,88,38,26.3708609271523,27.1897435897436,"0.27_0.15_0.06_0.1_0.16_0.18_0.1_0.15_0.11_0.16_0_0.08_0.03_0.19_0.09_0.11_0.22_0.11_0.19_0.18","Cas9",10,8468,"g9",0.700696055684455,0.225641025641026,0.225641025641026,10,"Replicate2",0.676923076923077,0.0974358974358974
"150",286,159,127,0.331333354907646,1.48251748251748,1.8951048951049,0.751748251748252,0.0734265734265734,0.262237762237762,27.6783216783217,67,156,63,24.8923076923077,27.6783216783217,"0.02_0.27_0.16_0.04_0.12_0.02_0.07_0.09_0.07_0.06_0.15_0.07_0.22_0.08_0.05_0.23_0.1_0.32_0.23_0.19","BE3",10,8468,"g6",0.372434017595308,0.555944055944056,0.545454545454545,10,"Replicate2",0.234265734265734,0.22027972027972
"151",18448,14596,3852,0.139483510727147,0.350498699045967,0.424924111014744,0.226203382480486,0.186036426712923,0.0220620121422376,24.3571118820468,3388,14557,503,21.9519403752249,24.3571118820468,"0.05_0.12_0.06_0.07_0.05_0.05_0.03_0.05_0.07_0.03_0.06_0.07_0.09_0.16_0.13_0.26_0.22_0.44_0.13_0.48","Cas9",4,8468,"g5",0.19132767098793,0.791196877710321,0.789082827406765,4,"Replicate2",0.183651344319167,0.0272658282740676
